Timestamp,Elapsed_Time_s,Temp1_C,Temp2_C,Temp3_C,Volt1_V,Volt2_V,Volt3_V,Volt4_V,Set_Rudder_deg,Actual_Rudder_deg,pH,Water_Temp,Salinity
2025-10-11T15:39:56.245120,4.931,0.00,0.00,0.00,0.00,0.00,0.00,0.00,0,,3.0,0,0
2025-10-11T15:39:56.246068,4.932,0.00,0.00,0.00,0.00,0.00,0.00,0.00,0,,3.0,0,0
2025-10-11T15:39:56.682160,5.368,0.00,0.00,0.00,0.00,0.00,0.00,0.00,0,,3.0,30.0,0
2025-10-11T15:39:56.683021,5.369,0.00,0.00,0.00,0.00,0.00,0.00,0.00,0,,3.0,30.0,0
2025-10-11T15:39:56.685547,5.372,0.00,0.00,0.00,0.00,0.00,0.00,0.00,0,,3.0,30.0,0
2025-10-11T15:39:56.687621,5.374,0.00,0.00,0.00,0.00,0.00,0.00,0.00,0,,3.0,30.0,0
2025-10-11T15:39:57.445558,6.132,0.00,0.00,0.00,0.00,0.00,0.00,0.00,0,,2.0,30.0,0
2025-10-11T15:39:57.446606,6.133,0.00,0.00,0.00,0.00,0.00,0.00,0.00,0,,2.0,30.0,0
2025-10-11T15:39:57.886914,6.573,0.00,0.00,0.00,0.00,0.00,0.00,0.00,0,,2.0,20.0,0
2025-10-11T15:39:57.887917,6.574,0.00,0.00,0.00,0.00,0.00,0.00,0.00,0,,2.0,20.0,0
2025-10-11T15:39:57.890034,6.576,0.00,0.00,0.00,0.00,0.00,0.00,0.00,0,,2.0,20.0,0
2025-10-11T15:39:57.893179,6.579,0.00,0.00,0.00,0.00,0.00,0.00,0.00,0,,2.0,20.0,0
2025-10-11T15:39:58.763485,7.449,0.00,0.00,0.00,0.00,0.00,0.00,0.00,0,,1.0,20.0,0
2025-10-11T15:39:58.764830,7.451,0.00,0.00,0.00,0.00,0.00,0.00,0.00,0,,1.0,20.0,0
2025-10-11T15:39:58.766047,7.452,0.00,0.00,0.00,0.00,0.00,0.00,0.00,0,,1.0,10.0,0
2025-10-11T15:39:58.767094,7.453,0.00,0.00,0.00,0.00,0.00,0.00,0.00,0,,1.0,10.0,0
2025-10-11T15:39:59.199452,7.885,0.00,0.00,0.00,0.00,0.00,0.00,0.00,0,,1.0,10.0,0
2025-10-11T15:39:59.201512,7.887,0.00,0.00,0.00,0.00,0.00,0.00,0.00,0,,1.0,10.0,0
2025-10-11T15:40:00.079079,8.765,0.00,0.00,0.00,0.00,0.00,0.00,0.00,0,,2.0,10.0,0
2025-10-11T15:40:00.080612,8.767,0.00,0.00,0.00,0.00,0.00,0.00,0.00,0,,2.0,10.0,0
2025-10-11T15:40:00.514383,9.200,0.00,0.00,0.00,0.00,0.00,0.00,0.00,0,,2.0,20.0,0
2025-10-11T15:40:00.515769,9.202,0.00,0.00,0.00,0.00,0.00,0.00,0.00,0,,2.0,20.0,0
2025-10-11T15:40:00.518538,9.205,0.00,0.00,0.00,0.00,0.00,0.00,0.00,0,,2.0,20.0,0
2025-10-11T15:40:00.522477,9.208,0.00,0.00,0.00,0.00,0.00,0.00,0.00,0,,2.0,20.0,0
2025-10-11T15:40:01.390568,10.077,0.00,0.00,0.00,0.00,0.00,0.00,0.00,0,,3.0,20.0,0
2025-10-11T15:40:01.391741,10.078,0.00,0.00,0.00,0.00,0.00,0.00,0.00,0,,3.0,20.0,0
2025-10-11T15:40:01.392802,10.079,0.00,0.00,0.00,0.00,0.00,0.00,0.00,0,,3.0,30.0,0
2025-10-11T15:40:01.394076,10.080,0.00,0.00,0.00,0.00,0.00,0.00,0.00,0,,3.0,30.0,0
2025-10-11T15:40:01.835599,10.522,0.00,0.00,0.00,0.00,0.00,0.00,0.00,0,,3.0,30.0,0
2025-10-11T15:40:01.837629,10.524,0.00,0.00,0.00,0.00,0.00,0.00,0.00,0,,3.0,30.0,0
2025-10-11T15:40:02.717958,11.404,0.00,0.00,0.00,0.00,0.00,0.00,0.00,0,,4.0,30.0,0
2025-10-11T15:40:02.719891,11.406,0.00,0.00,0.00,0.00,0.00,0.00,0.00,0,,4.0,30.0,0
2025-10-11T15:40:02.721453,11.407,0.00,0.00,0.00,0.00,0.00,0.00,0.00,0,,4.0,40.0,0
2025-10-11T15:40:02.724469,11.410,0.00,0.00,0.00,0.00,0.00,0.00,0.00,0,,4.0,40.0,0
2025-10-11T15:40:02.727339,11.413,0.00,0.00,0.00,0.00,0.00,0.00,0.00,0,,4.0,40.0,0
2025-10-11T15:40:02.731174,11.417,0.00,0.00,0.00,0.00,0.00,0.00,0.00,0,,4.0,40.0,0
2025-10-11T15:40:04.030313,12.716,0.00,0.00,0.00,0.00,0.00,0.00,0.00,0,,5.0,40.0,0
2025-10-11T15:40:04.031794,12.718,0.00,0.00,0.00,0.00,0.00,0.00,0.00,0,,5.0,40.0,0
2025-10-11T15:40:04.033301,12.719,0.00,0.00,0.00,0.00,0.00,0.00,0.00,0,,5.0,50.0,0
2025-10-11T15:40:04.034938,12.721,0.00,0.00,0.00,0.00,0.00,0.00,0.00,0,,5.0,50.0,0
2025-10-11T15:40:04.039263,12.725,0.00,0.00,0.00,0.00,0.00,0.00,0.00,0,,5.0,50.0,0
2025-10-11T15:40:04.043174,12.729,0.00,0.00,0.00,0.00,0.00,0.00,0.00,0,,5.0,50.0,0
2025-10-11T15:40:05.247404,13.933,0.00,0.00,0.00,0.00,0.00,0.00,0.00,0,,6.0,50.0,0
2025-10-11T15:40:05.248843,13.935,0.00,0.00,0.00,0.00,0.00,0.00,0.00,0,,6.0,50.0,0
2025-10-11T15:40:05.250078,13.936,0.00,0.00,0.00,0.00,0.00,0.00,0.00,0,,6.0,60.0,0
2025-10-11T15:40:05.251202,13.937,0.00,0.00,0.00,0.00,0.00,0.00,0.00,0,,6.0,60.0,0
2025-10-11T15:40:05.254893,13.941,0.00,0.00,0.00,0.00,0.00,0.00,0.00,0,,6.0,60.0,0
2025-10-11T15:40:05.257594,13.944,0.00,0.00,0.00,0.00,0.00,0.00,0.00,0,,6.0,60.0,0
2025-10-11T15:40:06.579225,15.265,0.00,0.00,0.00,0.00,0.00,0.00,0.00,0,,7.0,60.0,0
2025-10-11T15:40:06.580372,15.266,0.00,0.00,0.00,0.00,0.00,0.00,0.00,0,,7.0,60.0,0
2025-10-11T15:40:06.581542,15.268,0.00,0.00,0.00,0.00,0.00,0.00,0.00,0,,7.0,70.0,0
2025-10-11T15:40:06.582630,15.269,0.00,0.00,0.00,0.00,0.00,0.00,0.00,0,,7.0,70.0,0
2025-10-11T15:40:06.586011,15.272,0.00,0.00,0.00,0.00,0.00,0.00,0.00,0,,7.0,70.0,0
2025-10-11T15:40:06.588184,15.274,0.00,0.00,0.00,0.00,0.00,0.00,0.00,0,,7.0,70.0,0
2025-10-11T15:40:07.779839,16.466,0.00,0.00,0.00,0.00,0.00,0.00,0.00,0,,8.0,70.0,0
2025-10-11T15:40:07.781484,16.467,0.00,0.00,0.00,0.00,0.00,0.00,0.00,0,,8.0,70.0,0
2025-10-11T15:40:07.783065,16.469,0.00,0.00,0.00,0.00,0.00,0.00,0.00,0,,8.0,80.0,0
2025-10-11T15:40:07.784621,16.471,0.00,0.00,0.00,0.00,0.00,0.00,0.00,0,,8.0,80.0,0
2025-10-11T15:40:08.331754,17.018,0.00,0.00,0.00,0.00,0.00,0.00,0.00,0,,8.0,80.0,0
2025-10-11T15:40:08.336203,17.022,0.00,0.00,0.00,0.00,0.00,0.00,0.00,0,,8.0,80.0,0
2025-10-11T15:40:08.984634,17.671,0.00,0.00,0.00,0.00,0.00,0.00,0.00,0,,9.0,80.0,0
2025-10-11T15:40:08.986460,17.672,0.00,0.00,0.00,0.00,0.00,0.00,0.00,0,,9.0,80.0,0
2025-10-11T15:40:08.988191,17.674,0.00,0.00,0.00,0.00,0.00,0.00,0.00,0,,9.0,90.0,0
2025-10-11T15:40:08.989730,17.676,0.00,0.00,0.00,0.00,0.00,0.00,0.00,0,,9.0,90.0,0
2025-10-11T15:40:09.531208,18.217,0.00,0.00,0.00,0.00,0.00,0.00,0.00,0,,9.0,90.0,0
2025-10-11T15:40:09.535032,18.221,0.00,0.00,0.00,0.00,0.00,0.00,0.00,0,,9.0,90.0,0
2025-10-11T15:40:10.618935,19.305,0.00,0.00,0.00,0.00,0.00,0.00,0.00,0,,8.0,90.0,0
2025-10-11T15:40:10.620718,19.307,0.00,0.00,0.00,0.00,0.00,0.00,0.00,0,,8.0,90.0,0
2025-10-11T15:40:10.622887,19.309,0.00,0.00,0.00,0.00,0.00,0.00,0.00,0,,8.0,80.0,0
2025-10-11T15:40:10.626178,19.312,0.00,0.00,0.00,0.00,0.00,0.00,0.00,0,,8.0,80.0,0
2025-10-11T15:40:10.630989,19.317,0.00,0.00,0.00,0.00,0.00,0.00,0.00,0,,8.0,80.0,0
2025-10-11T15:40:10.634867,19.321,0.00,0.00,0.00,0.00,0.00,0.00,0.00,0,,8.0,80.0,0
2025-10-11T15:40:11.613878,20.300,0.00,0.00,0.00,0.00,0.00,0.00,0.00,0,,7.0,80.0,0
2025-10-11T15:40:11.616819,20.303,0.00,0.00,0.00,0.00,0.00,0.00,0.00,0,,7.0,80.0,0
2025-10-11T15:40:11.618732,20.305,0.00,0.00,0.00,0.00,0.00,0.00,0.00,0,,7.0,70.0,0
2025-10-11T15:40:11.620732,20.307,0.00,0.00,0.00,0.00,0.00,0.00,0.00,0,,7.0,70.0,0
2025-10-11T15:40:11.624247,20.310,0.00,0.00,0.00,0.00,0.00,0.00,0.00,0,,7.0,70.0,0
2025-10-11T15:40:11.630434,20.316,0.00,0.00,0.00,0.00,0.00,0.00,0.00,0,,7.0,70.0,0
2025-10-11T15:40:13.574215,22.260,0.00,0.00,0.00,0.00,0.00,0.00,0.00,0,,6.0,70.0,0
2025-10-11T15:40:13.575595,22.262,0.00,0.00,0.00,0.00,0.00,0.00,0.00,0,,6.0,70.0,0
2025-10-11T15:40:13.577205,22.263,0.00,0.00,0.00,0.00,0.00,0.00,0.00,0,,6.0,60.0,0
2025-10-11T15:40:13.578648,22.265,0.00,0.00,0.00,0.00,0.00,0.00,0.00,0,,6.0,60.0,0
2025-10-11T15:40:13.581853,22.268,0.00,0.00,0.00,0.00,0.00,0.00,0.00,0,,6.0,60.0,0
2025-10-11T15:40:13.585200,22.271,0.00,0.00,0.00,0.00,0.00,0.00,0.00,0,,6.0,60.0,0
2025-10-11T15:40:14.565894,23.252,0.00,0.00,0.00,0.00,0.00,0.00,0.00,0,,5.0,60.0,0
2025-10-11T15:40:14.568338,23.254,0.00,0.00,0.00,0.00,0.00,0.00,0.00,0,,5.0,60.0,0
2025-10-11T15:40:14.570240,23.256,0.00,0.00,0.00,0.00,0.00,0.00,0.00,0,,5.0,50.0,0
2025-10-11T15:40:14.571977,23.258,0.00,0.00,0.00,0.00,0.00,0.00,0.00,0,,5.0,50.0,0
2025-10-11T15:40:14.575343,23.261,0.00,0.00,0.00,0.00,0.00,0.00,0.00,0,,5.0,50.0,0
2025-10-11T15:40:14.579005,23.265,0.00,0.00,0.00,0.00,0.00,0.00,0.00,0,,5.0,50.0,0
2025-10-11T15:40:15.545313,24.231,0.00,0.00,0.00,0.00,0.00,0.00,0.00,0,,4.0,50.0,0
2025-10-11T15:40:15.547103,24.233,0.00,0.00,0.00,0.00,0.00,0.00,0.00,0,,4.0,50.0,0
2025-10-11T15:40:15.549247,24.235,0.00,0.00,0.00,0.00,0.00,0.00,0.00,0,,4.0,40.0,0
2025-10-11T15:40:15.550998,24.237,0.00,0.00,0.00,0.00,0.00,0.00,0.00,0,,4.0,40.0,0
2025-10-11T15:40:15.554283,24.240,0.00,0.00,0.00,0.00,0.00,0.00,0.00,0,,4.0,40.0,0
2025-10-11T15:40:15.557649,24.244,0.00,0.00,0.00,0.00,0.00,0.00,0.00,0,,4.0,40.0,0
2025-10-11T15:40:17.093068,25.779,0.00,0.00,0.00,0.00,0.00,0.00,0.00,0,,3.0,40.0,0
2025-10-11T15:40:17.094867,25.781,0.00,0.00,0.00,0.00,0.00,0.00,0.00,0,,3.0,40.0,0
2025-10-11T15:40:17.096646,25.783,0.00,0.00,0.00,0.00,0.00,0.00,0.00,0,,3.0,30.0,0
2025-10-11T15:40:17.098433,25.784,0.00,0.00,0.00,0.00,0.00,0.00,0.00,0,,3.0,30.0,0
2025-10-11T15:40:17.103005,25.789,0.00,0.00,0.00,0.00,0.00,0.00,0.00,0,,3.0,30.0,0
2025-10-11T15:40:17.106492,25.792,0.00,0.00,0.00,0.00,0.00,0.00,0.00,0,,3.0,30.0,0
2025-10-11T15:40:17.961274,26.647,0.00,0.00,0.00,0.00,0.00,0.00,0.00,0,,2.0,30.0,0
2025-10-11T15:40:17.962663,26.649,0.00,0.00,0.00,0.00,0.00,0.00,0.00,0,,2.0,30.0,0
2025-10-11T15:40:18.405003,27.091,0.00,0.00,0.00,0.00,0.00,0.00,0.00,0,,2.0,20.0,0
2025-10-11T15:40:18.406536,27.093,0.00,0.00,0.00,0.00,0.00,0.00,0.00,0,,2.0,20.0,0
2025-10-11T15:40:18.410472,27.096,0.00,0.00,0.00,0.00,0.00,0.00,0.00,0,,2.0,20.0,0
2025-10-11T15:40:18.414026,27.100,0.00,0.00,0.00,0.00,0.00,0.00,0.00,0,,2.0,20.0,0
2025-10-11T15:40:19.275654,27.962,0.00,0.00,0.00,0.00,0.00,0.00,0.00,0,,1.0,20.0,0
2025-10-11T15:40:19.276883,27.963,0.00,0.00,0.00,0.00,0.00,0.00,0.00,0,,1.0,20.0,0
2025-10-11T15:40:19.732841,28.419,0.00,0.00,0.00,0.00,0.00,0.00,0.00,0,,1.0,10.0,0
2025-10-11T15:40:19.734318,28.420,0.00,0.00,0.00,0.00,0.00,0.00,0.00,0,,1.0,10.0,0
2025-10-11T15:40:19.736616,28.423,0.00,0.00,0.00,0.00,0.00,0.00,0.00,0,,1.0,10.0,0
2025-10-11T15:40:19.741143,28.427,0.00,0.00,0.00,0.00,0.00,0.00,0.00,0,,1.0,10.0,0
2025-10-11T15:40:20.857811,29.544,0.00,0.00,0.00,0.00,0.00,0.00,0.00,0,,2.0,10.0,0
2025-10-11T15:40:20.859638,29.546,0.00,0.00,0.00,0.00,0.00,0.00,0.00,0,,2.0,10.0,0
2025-10-11T15:40:20.861319,29.547,0.00,0.00,0.00,0.00,0.00,0.00,0.00,0,,2.0,20.0,0
2025-10-11T15:40:20.864935,29.551,0.00,0.00,0.00,0.00,0.00,0.00,0.00,0,,2.0,20.0,0
2025-10-11T15:40:20.870071,29.556,0.00,0.00,0.00,0.00,0.00,0.00,0.00,0,,2.0,20.0,0
2025-10-11T15:40:20.873908,29.560,0.00,0.00,0.00,0.00,0.00,0.00,0.00,0,,2.0,20.0,0
2025-10-11T15:40:21.822286,30.508,0.00,0.00,0.00,0.00,0.00,0.00,0.00,0,,3.0,20.0,0
2025-10-11T15:40:21.824024,30.510,0.00,0.00,0.00,0.00,0.00,0.00,0.00,0,,3.0,20.0,0
2025-10-11T15:40:22.705852,31.392,0.00,0.00,0.00,0.00,0.00,0.00,0.00,0,,3.0,30.0,0
2025-10-11T15:40:22.707421,31.393,0.00,0.00,0.00,0.00,0.00,0.00,0.00,0,,3.0,30.0,0
2025-10-11T15:40:22.710467,31.396,0.00,0.00,0.00,0.00,0.00,0.00,0.00,0,,3.0,30.0,0
2025-10-11T15:40:22.715837,31.402,0.00,0.00,0.00,0.00,0.00,0.00,0.00,0,,3.0,30.0,0
2025-10-11T15:40:23.697763,32.384,0.00,0.00,0.00,0.00,0.00,0.00,0.00,0,,4.0,30.0,0
2025-10-11T15:40:23.699149,32.385,0.00,0.00,0.00,0.00,0.00,0.00,0.00,0,,4.0,30.0,0
2025-10-11T15:40:23.700599,32.387,0.00,0.00,0.00,0.00,0.00,0.00,0.00,0,,4.0,40.0,0
2025-10-11T15:40:23.701881,32.388,0.00,0.00,0.00,0.00,0.00,0.00,0.00,0,,4.0,40.0,0
2025-10-11T15:40:23.705211,32.391,0.00,0.00,0.00,0.00,0.00,0.00,0.00,0,,4.0,40.0,0
2025-10-11T15:40:23.707299,32.393,0.00,0.00,0.00,0.00,0.00,0.00,0.00,0,,4.0,40.0,0
2025-10-11T15:40:24.578936,33.265,0.00,0.00,0.00,0.00,0.00,0.00,0.00,0,,5.0,40.0,0
2025-10-11T15:40:24.580267,33.266,0.00,0.00,0.00,0.00,0.00,0.00,0.00,0,,5.0,40.0,0
2025-10-11T15:40:24.581540,33.268,0.00,0.00,0.00,0.00,0.00,0.00,0.00,0,,5.0,50.0,0
2025-10-11T15:40:24.582731,33.269,0.00,0.00,0.00,0.00,0.00,0.00,0.00,0,,5.0,50.0,0
2025-10-11T15:40:25.063493,33.749,0.00,0.00,0.00,0.00,0.00,0.00,0.00,0,,5.0,50.0,0
2025-10-11T15:40:25.066403,33.752,0.00,0.00,0.00,0.00,0.00,0.00,0.00,0,,5.0,50.0,0
