Timestamp,Elapsed_Time_s,Temp1,Temp2,Temp3,Volt1,Volt2,Volt3,Volt4,MPPT_curr_hull_port,MPPT_curr_hull_starbd,MPPT_curr_sail_port,MPPT_curr_sail_starbd,Actual_rdr_deg,Set_rdr_deg,Speed_over_gnd,IMU_roll,IMU_pitch,IMU_integral,IMU_derivative,IMU_heading,Desired_heading,Data_wind_spd,Data_wind_dir
2025-11-07T22:19:34.918132,4.257,None,None,None,None,None,None,None,None,None,None,None,0.7,0.0,0.0,0.0,0.0,0.0,0.0,180.0,None,None,None
2025-11-07T22:19:34.918616,4.258,None,None,None,None,None,None,None,None,None,None,None,0.7,0.0,0.0,0.0,0.0,0.0,0.0,180.0,None,None,None
2025-11-07T22:19:35.417670,4.757,None,None,None,None,None,None,None,None,None,None,None,0.7,0.0,0.0,0.0,0.0,0.0,0.0,180.0,None,None,None
2025-11-07T22:19:35.418299,4.757,19.93,565.38,20.16,0.33,0.33,0.32,0.33,0.0,0.0,0.0,0.0,0.7,0.0,0.0,0.0,0.0,0.0,0.0,180.0,None,None,None
2025-11-07T22:19:35.418778,4.758,19.93,565.38,20.16,0.33,0.33,0.32,0.33,0.0,0.0,0.0,0.0,0.7,0.0,0.0,0.0,0.0,0.0,0.0,180.0,None,None,None
2025-11-07T22:19:35.419194,4.758,19.93,565.38,20.16,0.33,0.33,0.32,0.33,0.0,0.0,0.0,0.0,0.7,0.0,0.0,0.0,0.0,0.0,0.0,180.0,None,None,None
2025-11-07T22:19:35.419593,4.759,19.93,565.38,20.16,0.33,0.33,0.32,0.33,0.0,0.0,0.0,0.0,0.7,0.0,0.0,0.0,0.0,0.0,0.0,180.0,None,None,None
2025-11-07T22:19:35.420011,4.759,19.95,565.38,20.16,0.33,0.33,0.32,0.33,0.0,0.0,0.0,0.0,0.7,0.0,0.0,0.0,0.0,0.0,0.0,180.0,None,None,None
2025-11-07T22:19:35.420413,4.759,19.95,565.38,20.16,0.33,0.33,0.32,0.33,0.0,0.0,0.0,0.0,0.7,0.0,0.0,0.0,0.0,0.0,0.0,180.0,None,None,None
2025-11-07T22:19:35.421207,4.760,19.95,565.38,20.16,0.33,0.33,0.32,0.33,0.0,0.0,0.0,0.0,0.7,0.0,0.0,0.0,0.0,0.0,0.0,180.0,None,None,None
2025-11-07T22:19:35.421619,4.761,19.95,565.38,20.16,0.33,0.33,0.32,0.33,0.0,0.0,0.0,0.0,0.7,0.0,0.0,0.0,0.0,0.0,0.0,180.0,None,None,None
2025-11-07T22:19:35.422057,4.761,19.95,565.38,20.23,0.33,0.32,0.32,0.33,0.0,0.0,0.0,0.0,0.7,0.0,0.0,0.0,0.0,0.0,0.0,180.0,None,None,None
2025-11-07T22:19:35.422468,4.761,19.95,565.38,20.23,0.33,0.32,0.32,0.33,0.0,0.0,0.0,0.0,0.7,0.0,0.0,0.0,0.0,0.0,0.0,180.0,None,None,None
2025-11-07T22:19:35.423069,4.762,19.95,565.38,20.23,0.33,0.32,0.32,0.33,0.0,0.0,0.0,0.0,0.7,0.0,0.0,0.0,0.0,0.0,0.0,180.0,None,None,None
2025-11-07T22:19:35.882756,5.222,19.95,565.38,20.23,0.33,0.32,0.32,0.33,0.0,0.0,0.0,0.0,0.7,0.0,0.0,0.0,0.0,0.0,0.0,180.0,None,None,None
2025-11-07T22:19:35.883522,5.222,19.95,577.97,20.16,0.33,0.33,0.32,0.33,0.0,0.0,0.0,0.0,0.7,0.0,0.0,0.0,0.0,0.0,0.0,180.0,None,None,None
2025-11-07T22:19:35.884111,5.223,19.95,577.97,20.16,0.33,0.33,0.32,0.33,0.0,0.0,0.0,0.0,0.7,0.0,0.0,0.0,0.0,0.0,0.0,180.0,None,None,None
2025-11-07T22:19:35.884718,5.224,19.95,577.97,20.16,0.33,0.33,0.32,0.33,0.0,0.0,0.0,0.0,0.7,0.0,0.0,0.0,0.0,0.0,0.0,180.0,None,None,None
2025-11-07T22:19:35.885284,5.224,19.95,577.97,20.16,0.33,0.33,0.32,0.33,0.0,0.0,0.0,0.0,0.7,0.0,0.0,0.0,0.0,0.0,0.0,180.0,None,None,None
2025-11-07T22:19:35.885803,5.225,19.95,571.46,20.16,0.33,0.32,0.32,0.33,0.0,0.0,0.0,0.0,0.7,0.0,0.0,0.0,0.0,0.0,0.0,180.0,None,None,None
2025-11-07T22:19:35.886200,5.225,19.95,571.46,20.16,0.33,0.32,0.32,0.33,0.0,0.0,0.0,0.0,0.7,0.0,0.0,0.0,0.0,0.0,0.0,180.0,None,None,None
2025-11-07T22:19:35.886604,5.226,19.95,571.46,20.16,0.33,0.32,0.32,0.33,0.0,0.0,0.0,0.0,0.7,0.0,0.0,0.0,0.0,0.0,0.0,180.0,None,None,None
2025-11-07T22:19:36.357350,5.696,19.95,571.46,20.16,0.33,0.32,0.32,0.33,0.0,0.0,0.0,0.0,0.7,0.0,0.0,0.0,0.0,0.0,0.0,180.0,None,None,None
2025-11-07T22:19:36.358194,5.697,19.93,571.46,20.19,0.32,0.33,0.32,0.33,0.0,0.0,0.0,0.0,0.7,0.0,0.0,0.0,0.0,0.0,0.0,180.0,None,None,None
2025-11-07T22:19:36.358751,5.698,19.93,571.46,20.19,0.32,0.33,0.32,0.33,0.0,0.0,0.0,0.0,0.7,0.0,0.0,0.0,0.0,0.0,0.0,180.0,None,None,None
2025-11-07T22:19:36.359154,5.698,19.93,571.46,20.19,0.32,0.33,0.32,0.33,0.0,0.0,0.0,0.0,0.7,0.0,0.0,0.0,0.0,0.0,0.0,180.0,None,None,None
2025-11-07T22:19:36.359577,5.699,19.93,571.46,20.19,0.32,0.33,0.32,0.33,0.0,0.0,0.0,0.0,0.7,0.0,0.0,0.0,0.0,0.0,0.0,180.0,None,None,None
2025-11-07T22:19:36.359991,5.699,19.95,565.38,20.14,0.32,0.33,0.32,0.33,0.0,0.0,0.0,0.0,0.7,0.0,0.0,0.0,0.0,0.0,0.0,180.0,None,None,None
2025-11-07T22:19:36.360504,5.699,19.95,565.38,20.14,0.32,0.33,0.32,0.33,0.0,0.0,0.0,0.0,0.7,0.0,0.0,0.0,0.0,0.0,0.0,180.0,None,None,None
2025-11-07T22:19:36.361017,5.700,19.95,565.38,20.14,0.32,0.33,0.32,0.33,0.0,0.0,0.0,0.0,0.7,0.0,0.0,0.0,0.0,0.0,0.0,180.0,None,None,None
2025-11-07T22:19:36.361506,5.700,19.95,565.38,20.14,0.32,0.33,0.32,0.33,0.0,0.0,0.0,0.0,0.7,0.0,0.0,0.0,0.0,0.0,0.0,180.0,None,None,None
2025-11-07T22:19:36.362196,5.701,19.95,565.38,20.19,0.33,0.32,0.32,0.33,0.0,0.0,0.0,0.0,0.7,0.0,0.0,0.0,0.0,0.0,0.0,180.0,None,None,None
2025-11-07T22:19:36.362805,5.702,19.95,565.38,20.19,0.33,0.32,0.32,0.33,0.0,0.0,0.0,0.0,0.7,0.0,0.0,0.0,0.0,0.0,0.0,180.0,None,None,None
2025-11-07T22:19:36.363286,5.702,19.95,565.38,20.19,0.33,0.32,0.32,0.33,0.0,0.0,0.0,0.0,0.7,0.0,0.0,0.0,0.0,0.0,0.0,180.0,None,None,None
2025-11-07T22:19:36.363754,5.703,19.95,565.38,20.19,0.33,0.32,0.32,0.33,0.0,0.0,0.0,0.0,0.7,0.0,0.0,0.0,0.0,0.0,0.0,180.0,None,None,None
2025-11-07T22:19:36.836520,6.175,19.99,575.21,20.14,0.32,0.33,0.32,0.33,0.0,0.0,0.0,0.0,0.7,0.0,0.0,0.0,0.0,0.0,0.0,180.0,None,None,None
2025-11-07T22:19:36.837090,6.176,19.99,575.21,20.14,0.32,0.33,0.32,0.33,0.0,0.0,0.0,0.0,0.7,0.0,0.0,0.0,0.0,0.0,0.0,180.0,None,None,None
2025-11-07T22:19:36.837549,6.176,19.99,575.21,20.14,0.32,0.33,0.32,0.33,0.0,0.0,0.0,0.0,0.7,0.0,0.0,0.0,0.0,0.0,0.0,180.0,None,None,None
2025-11-07T22:19:36.838000,6.177,19.95,575.21,20.14,0.33,0.33,0.32,0.33,0.0,0.0,0.0,0.0,0.7,0.0,0.0,0.0,0.0,0.0,0.0,180.0,None,None,None
2025-11-07T22:19:36.838440,6.177,19.95,575.21,20.14,0.33,0.33,0.32,0.33,0.0,0.0,0.0,0.0,0.7,0.0,0.0,0.0,0.0,0.0,0.0,180.0,None,None,None
2025-11-07T22:19:36.838855,6.178,19.95,575.21,20.14,0.33,0.33,0.32,0.33,0.0,0.0,0.0,0.0,0.7,0.0,0.0,0.0,0.0,0.0,0.0,180.0,None,None,None
2025-11-07T22:19:36.839263,6.178,19.95,575.21,20.14,0.33,0.33,0.32,0.33,0.0,0.0,0.0,0.0,0.7,0.0,0.0,0.0,0.0,0.0,0.0,180.0,None,None,None
2025-11-07T22:19:36.839702,6.179,19.97,571.46,20.16,0.33,0.32,0.32,0.33,0.0,0.0,0.0,0.0,0.7,0.0,0.0,0.0,0.0,0.0,0.0,180.0,None,None,None
2025-11-07T22:19:36.840117,6.179,19.97,571.46,20.16,0.33,0.32,0.32,0.33,0.0,0.0,0.0,0.0,0.7,0.0,0.0,0.0,0.0,0.0,0.0,180.0,None,None,None
2025-11-07T22:19:36.840533,6.179,19.97,571.46,20.16,0.33,0.32,0.32,0.33,0.0,0.0,0.0,0.0,0.7,0.0,0.0,0.0,0.0,0.0,0.0,180.0,None,None,None
2025-11-07T22:19:36.840943,6.180,19.97,571.46,20.16,0.33,0.32,0.32,0.33,0.0,0.0,0.0,0.0,0.7,0.0,0.0,0.0,0.0,0.0,0.0,180.0,None,None,None
2025-11-07T22:19:36.841384,6.180,19.97,565.38,20.19,0.33,0.33,0.32,0.33,0.0,0.0,0.0,0.0,0.7,0.0,0.0,0.0,0.0,0.0,0.0,180.0,None,None,None
2025-11-07T22:19:37.329532,6.668,19.97,565.38,20.19,0.33,0.33,0.32,0.33,0.0,0.0,0.0,0.0,0.7,0.0,0.0,0.0,0.0,0.0,0.0,180.0,None,None,None
2025-11-07T22:19:37.330124,6.669,19.97,565.38,20.19,0.33,0.33,0.32,0.33,0.0,0.0,0.0,0.0,0.7,0.0,0.0,0.0,0.0,0.0,0.0,180.0,None,None,None
2025-11-07T22:19:37.330616,6.670,19.97,565.38,20.19,0.33,0.33,0.32,0.33,0.0,0.0,0.0,0.0,0.7,0.0,0.0,0.0,0.0,0.0,0.0,180.0,None,None,None
2025-11-07T22:19:37.331095,6.670,19.95,508.41,20.14,0.33,0.33,0.32,0.33,0.0,0.0,0.0,0.0,0.7,0.0,0.0,0.0,0.0,0.0,0.0,180.0,None,None,None
2025-11-07T22:19:37.331668,6.671,19.95,508.41,20.14,0.33,0.33,0.32,0.33,0.0,0.0,0.0,0.0,0.7,0.0,0.0,0.0,0.0,0.0,0.0,180.0,None,None,None
2025-11-07T22:19:37.332146,6.671,19.95,508.41,20.14,0.33,0.33,0.32,0.33,0.0,0.0,0.0,0.0,0.7,0.0,0.0,0.0,0.0,0.0,0.0,180.0,None,None,None
2025-11-07T22:19:37.332685,6.672,19.95,508.41,20.14,0.33,0.33,0.32,0.33,0.0,0.0,0.0,0.0,0.7,0.0,0.0,0.0,0.0,0.0,0.0,180.0,None,None,None
2025-11-07T22:19:37.333146,6.672,19.95,571.46,20.14,0.33,0.33,0.32,0.33,0.0,0.0,0.0,0.0,0.7,0.0,0.0,0.0,0.0,0.0,0.0,180.0,None,None,None
2025-11-07T22:19:37.333575,6.673,19.95,571.46,20.14,0.33,0.33,0.32,0.33,0.0,0.0,0.0,0.0,0.7,0.0,0.0,0.0,0.0,0.0,0.0,180.0,None,None,None
2025-11-07T22:19:37.333992,6.673,19.95,571.46,20.14,0.33,0.33,0.32,0.33,0.0,0.0,0.0,0.0,0.7,0.0,0.0,0.0,0.0,0.0,0.0,180.0,None,None,None
2025-11-07T22:19:37.334411,6.673,19.95,571.46,20.14,0.33,0.33,0.32,0.33,0.0,0.0,0.0,0.0,0.7,0.0,0.0,0.0,0.0,0.0,0.0,180.0,None,None,None
2025-11-07T22:19:37.335067,6.674,19.93,575.21,20.14,0.32,0.33,0.32,0.33,0.0,0.0,0.0,0.0,0.7,0.0,0.0,0.0,0.0,0.0,0.0,180.0,None,None,None
2025-11-07T22:19:37.335639,6.675,19.93,575.21,20.14,0.32,0.33,0.32,0.33,0.0,0.0,0.0,0.0,0.7,0.0,0.0,0.0,0.0,0.0,0.0,180.0,None,None,None
2025-11-07T22:19:37.813776,7.153,19.93,575.21,20.14,0.32,0.33,0.32,0.33,0.0,0.0,0.0,0.0,0.7,0.0,0.0,0.0,0.0,0.0,0.0,180.0,None,None,None
2025-11-07T22:19:37.814351,7.153,19.93,575.21,20.14,0.32,0.33,0.32,0.33,0.0,0.0,0.0,0.0,0.7,0.0,0.0,0.0,0.0,0.0,0.0,180.0,None,None,None
2025-11-07T22:19:37.814814,7.154,20.01,508.41,20.14,0.33,0.33,0.32,0.33,0.0,0.0,0.0,0.0,0.7,0.0,0.0,0.0,0.0,0.0,0.0,180.0,None,None,None
2025-11-07T22:19:37.815229,7.154,20.01,508.41,20.14,0.33,0.33,0.32,0.33,0.0,0.0,0.0,0.0,0.7,0.0,0.0,0.0,0.0,0.0,0.0,180.0,None,None,None
2025-11-07T22:19:37.815625,7.155,20.01,508.41,20.14,0.33,0.33,0.32,0.33,0.0,0.0,0.0,0.0,0.7,0.0,0.0,0.0,0.0,0.0,0.0,180.0,None,None,None
2025-11-07T22:19:37.816009,7.155,20.01,508.41,20.14,0.33,0.33,0.32,0.33,0.0,0.0,0.0,0.0,0.7,0.0,0.0,0.0,0.0,0.0,0.0,180.0,None,None,None
2025-11-07T22:19:37.816423,7.155,19.93,508.41,20.16,0.32,0.33,0.32,0.33,0.0,0.0,0.0,0.0,0.7,0.0,0.0,0.0,0.0,0.0,0.0,180.0,None,None,None
2025-11-07T22:19:37.816800,7.156,19.93,508.41,20.16,0.32,0.33,0.32,0.33,0.0,0.0,0.0,0.0,0.7,0.0,0.0,0.0,0.0,0.0,0.0,180.0,None,None,None
2025-11-07T22:19:37.817172,7.156,19.93,508.41,20.16,0.32,0.33,0.32,0.33,0.0,0.0,0.0,0.0,0.7,0.0,0.0,0.0,0.0,0.0,0.0,180.0,None,None,None
2025-11-07T22:19:37.817548,7.156,19.93,508.41,20.16,0.32,0.33,0.32,0.33,0.0,0.0,0.0,0.0,0.7,0.0,0.0,0.0,0.0,0.0,0.0,180.0,None,None,None
2025-11-07T22:19:37.818038,7.157,19.95,577.97,20.19,0.33,0.32,0.32,0.33,0.0,0.0,0.0,0.0,0.7,0.0,0.0,0.0,0.0,0.0,0.0,180.0,None,None,None
2025-11-07T22:19:38.306122,7.645,19.95,577.97,20.19,0.33,0.32,0.32,0.33,0.0,0.0,0.0,0.0,0.7,0.0,0.0,0.0,0.0,0.0,0.0,180.0,None,None,None
2025-11-07T22:19:38.306746,7.646,19.95,577.97,20.19,0.33,0.32,0.32,0.33,0.0,0.0,0.0,0.0,0.7,0.0,0.0,0.0,0.0,0.0,0.0,180.0,None,None,None
2025-11-07T22:19:38.307213,7.646,19.95,577.97,20.19,0.33,0.32,0.32,0.33,0.0,0.0,0.0,0.0,0.7,0.0,0.0,0.0,0.0,0.0,0.0,180.0,None,None,None
2025-11-07T22:19:38.307694,7.647,19.95,575.21,20.21,0.33,0.32,0.32,0.33,0.0,0.0,0.0,0.0,0.7,0.0,0.0,0.0,0.0,0.0,0.0,180.0,None,None,None
2025-11-07T22:19:38.308127,7.647,19.95,575.21,20.21,0.33,0.32,0.32,0.33,0.0,0.0,0.0,0.0,0.7,0.0,0.0,0.0,0.0,0.0,0.0,180.0,None,None,None
2025-11-07T22:19:38.308592,7.648,19.95,575.21,20.21,0.33,0.32,0.32,0.33,0.0,0.0,0.0,0.0,0.7,0.0,0.0,0.0,0.0,0.0,0.0,180.0,None,None,None
2025-11-07T22:19:38.309274,7.648,19.95,575.21,20.21,0.33,0.32,0.32,0.33,0.0,0.0,0.0,0.0,0.7,0.0,0.0,0.0,0.0,0.0,0.0,180.0,None,None,None
2025-11-07T22:19:38.310103,7.649,20.08,565.38,20.16,0.33,0.32,0.32,0.33,0.0,0.0,0.0,0.0,0.7,0.0,0.0,0.0,0.0,0.0,0.0,180.0,None,None,None
2025-11-07T22:19:38.310645,7.650,20.08,565.38,20.16,0.33,0.32,0.32,0.33,0.0,0.0,0.0,0.0,0.7,0.0,0.0,0.0,0.0,0.0,0.0,180.0,None,None,None
2025-11-07T22:19:38.311603,7.651,20.08,565.38,20.16,0.33,0.32,0.32,0.33,0.0,0.0,0.0,0.0,0.7,0.0,0.0,0.0,0.0,0.0,0.0,180.0,None,None,None
2025-11-07T22:19:38.312285,7.651,20.08,565.38,20.16,0.33,0.32,0.32,0.33,0.0,0.0,0.0,0.0,0.7,0.0,0.0,0.0,0.0,0.0,0.0,180.0,None,None,None
2025-11-07T22:19:38.313409,7.652,19.97,571.46,20.16,0.33,0.33,0.32,0.33,0.0,0.0,0.0,0.0,0.7,0.0,0.0,0.0,0.0,0.0,0.0,180.0,None,None,None
2025-11-07T22:19:38.805512,8.144,19.97,571.46,20.16,0.33,0.33,0.32,0.33,0.0,0.0,0.0,0.0,0.7,0.0,0.0,0.0,0.0,0.0,0.0,180.0,None,None,None
2025-11-07T22:19:38.806027,8.145,19.97,571.46,20.16,0.33,0.33,0.32,0.33,0.0,0.0,0.0,0.0,0.7,0.0,0.0,0.0,0.0,0.0,0.0,180.0,None,None,None
2025-11-07T22:19:38.806451,8.145,19.97,571.46,20.16,0.33,0.33,0.32,0.33,0.0,0.0,0.0,0.0,0.7,0.0,0.0,0.0,0.0,0.0,0.0,180.0,None,None,None
2025-11-07T22:19:38.806861,8.146,19.97,571.46,20.19,0.33,0.32,0.32,0.33,0.0,0.0,0.0,0.0,0.7,0.0,0.0,0.0,0.0,0.0,0.0,180.0,None,None,None
2025-11-07T22:19:38.807256,8.146,19.97,571.46,20.19,0.33,0.32,0.32,0.33,0.0,0.0,0.0,0.0,0.7,0.0,0.0,0.0,0.0,0.0,0.0,180.0,None,None,None
2025-11-07T22:19:38.807639,8.147,19.97,571.46,20.19,0.33,0.32,0.32,0.33,0.0,0.0,0.0,0.0,0.7,0.0,0.0,0.0,0.0,0.0,0.0,180.0,None,None,None
2025-11-07T22:19:38.808017,8.147,19.97,571.46,20.19,0.33,0.32,0.32,0.33,0.0,0.0,0.0,0.0,0.7,0.0,0.0,0.0,0.0,0.0,0.0,180.0,None,None,None
2025-11-07T22:19:38.808421,8.147,19.95,508.41,20.19,0.33,0.33,0.33,0.33,0.0,0.0,0.0,0.0,0.7,0.0,0.0,0.0,0.0,0.0,0.0,180.0,None,None,None
2025-11-07T22:19:38.808782,8.148,19.95,508.41,20.19,0.33,0.33,0.33,0.33,0.0,0.0,0.0,0.0,0.7,0.0,0.0,0.0,0.0,0.0,0.0,180.0,None,None,None
2025-11-07T22:19:38.809137,8.148,19.95,508.41,20.19,0.33,0.33,0.33,0.33,0.0,0.0,0.0,0.0,0.7,0.0,0.0,0.0,0.0,0.0,0.0,180.0,None,None,None
2025-11-07T22:19:38.809520,8.148,19.95,508.41,20.19,0.33,0.33,0.33,0.33,0.0,0.0,0.0,0.0,0.7,0.0,0.0,0.0,0.0,0.0,0.0,180.0,None,None,None
2025-11-07T22:19:38.809916,8.149,19.97,571.46,20.14,0.33,0.33,0.32,0.33,0.0,0.0,0.0,0.0,0.7,0.0,0.0,0.0,0.0,0.0,0.0,180.0,None,None,None
2025-11-07T22:19:39.319163,8.658,19.97,571.46,20.14,0.33,0.33,0.32,0.33,0.0,0.0,0.0,0.0,0.7,0.0,0.0,0.0,0.0,0.0,0.0,180.0,None,None,None
2025-11-07T22:19:39.320045,8.659,19.97,571.46,20.14,0.33,0.33,0.32,0.33,0.0,0.0,0.0,0.0,0.7,0.0,0.0,0.0,0.0,0.0,0.0,180.0,None,None,None
2025-11-07T22:19:39.320942,8.660,19.97,571.46,20.14,0.33,0.33,0.32,0.33,0.0,0.0,0.0,0.0,0.7,0.0,0.0,0.0,0.0,0.0,0.0,180.0,None,None,None
2025-11-07T22:19:39.321928,8.661,19.95,571.46,20.14,0.33,0.33,0.32,0.33,0.0,0.0,0.0,0.0,0.7,0.0,0.0,0.0,0.0,0.0,0.0,180.0,None,None,None
2025-11-07T22:19:39.322462,8.661,19.95,571.46,20.14,0.33,0.33,0.32,0.33,0.0,0.0,0.0,0.0,0.7,0.0,0.0,0.0,0.0,0.0,0.0,180.0,None,None,None
2025-11-07T22:19:39.322919,8.662,19.95,571.46,20.14,0.33,0.33,0.32,0.33,0.0,0.0,0.0,0.0,0.7,0.0,0.0,0.0,0.0,0.0,0.0,180.0,None,None,None
2025-11-07T22:19:39.323397,8.662,19.95,571.46,20.14,0.33,0.33,0.32,0.33,0.0,0.0,0.0,0.0,0.7,0.0,0.0,0.0,0.0,0.0,0.0,180.0,None,None,None
2025-11-07T22:19:39.323920,8.663,19.91,580.16,20.14,0.33,0.33,0.32,0.33,0.0,0.0,0.0,0.0,0.7,0.0,0.0,0.0,0.0,0.0,0.0,180.0,None,None,None
2025-11-07T22:19:39.324441,8.663,19.91,580.16,20.14,0.33,0.33,0.32,0.33,0.0,0.0,0.0,0.0,0.7,0.0,0.0,0.0,0.0,0.0,0.0,180.0,None,None,None
2025-11-07T22:19:39.324950,8.664,19.91,580.16,20.14,0.33,0.33,0.32,0.33,0.0,0.0,0.0,0.0,0.7,0.0,0.0,0.0,0.0,0.0,0.0,180.0,None,None,None
2025-11-07T22:19:39.325509,8.664,19.91,580.16,20.14,0.33,0.33,0.32,0.33,0.0,0.0,0.0,0.0,0.7,0.0,0.0,0.0,0.0,0.0,0.0,180.0,None,None,None
2025-11-07T22:19:39.326358,8.665,19.95,508.41,20.16,0.33,0.33,0.32,0.33,0.0,0.0,0.0,0.0,0.7,0.0,0.0,0.0,0.0,0.0,0.0,180.0,None,None,None
2025-11-07T22:19:39.884142,9.223,19.95,508.41,20.16,0.33,0.33,0.32,0.33,0.0,0.0,0.0,0.0,0.7,0.0,0.0,0.0,0.0,0.0,0.0,180.0,None,None,None
2025-11-07T22:19:39.884743,9.224,19.95,508.41,20.16,0.33,0.33,0.32,0.33,0.0,0.0,0.0,0.0,0.7,0.0,0.0,0.0,0.0,0.0,0.0,180.0,None,None,None
2025-11-07T22:19:39.886100,9.225,19.95,508.41,20.16,0.33,0.33,0.32,0.33,0.0,0.0,0.0,0.0,0.7,0.0,0.0,0.0,0.0,0.0,0.0,180.0,None,None,None
2025-11-07T22:19:39.886879,9.226,20.01,575.21,20.14,0.33,0.33,0.32,0.33,0.0,0.0,0.0,0.0,0.7,0.0,0.0,0.0,0.0,0.0,0.0,180.0,None,None,None
2025-11-07T22:19:39.887365,9.226,20.01,575.21,20.14,0.33,0.33,0.32,0.33,0.0,0.0,0.0,0.0,0.7,0.0,0.0,0.0,0.0,0.0,0.0,180.0,None,None,None
2025-11-07T22:19:39.887834,9.227,20.01,575.21,20.14,0.33,0.33,0.32,0.33,0.0,0.0,0.0,0.0,0.7,0.0,0.0,0.0,0.0,0.0,0.0,180.0,None,None,None
2025-11-07T22:19:39.888319,9.227,19.97,571.46,20.16,0.33,0.32,0.32,0.33,0.0,0.0,0.0,0.0,0.7,0.0,0.0,0.0,0.0,0.0,0.0,180.0,None,None,None
2025-11-07T22:19:39.888764,9.228,19.97,571.46,20.16,0.33,0.32,0.32,0.33,0.0,0.0,0.0,0.0,0.7,0.0,0.0,0.0,0.0,0.0,0.0,180.0,None,None,None
2025-11-07T22:19:39.889251,9.228,19.97,571.46,20.16,0.33,0.32,0.32,0.33,0.0,0.0,0.0,0.0,0.7,0.0,0.0,0.0,0.0,0.0,0.0,180.0,None,None,None
2025-11-07T22:19:39.889701,9.229,19.97,571.46,20.16,0.33,0.32,0.32,0.33,0.0,0.0,0.0,0.0,0.7,0.0,0.0,0.0,0.0,0.0,0.0,180.0,None,None,None
2025-11-07T22:19:39.890557,9.229,19.95,571.46,20.12,0.33,0.32,0.32,0.33,0.0,0.0,0.0,0.0,0.7,0.0,0.0,0.0,0.0,0.0,0.0,180.0,None,None,None
2025-11-07T22:19:39.891171,9.230,19.95,571.46,20.12,0.33,0.32,0.32,0.33,0.0,0.0,0.0,0.0,0.7,0.0,0.0,0.0,0.0,0.0,0.0,180.0,None,None,None
2025-11-07T22:19:40.440116,9.779,19.95,571.46,20.12,0.33,0.32,0.32,0.33,0.0,0.0,0.0,0.0,0.7,0.0,0.0,0.0,0.0,0.0,0.0,180.0,None,None,None
2025-11-07T22:19:40.441062,9.780,19.95,571.46,20.12,0.33,0.32,0.32,0.33,0.0,0.0,0.0,0.0,0.7,0.0,0.0,0.0,0.0,0.0,0.0,180.0,None,None,None
2025-11-07T22:19:40.448786,9.788,19.97,577.97,20.14,0.33,0.33,0.32,0.33,0.0,0.0,0.0,0.0,0.7,0.0,0.0,0.0,0.0,0.0,0.0,180.0,None,None,None
2025-11-07T22:19:40.449389,9.788,19.97,577.97,20.14,0.33,0.33,0.32,0.33,0.0,0.0,0.0,0.0,0.7,0.0,0.0,0.0,0.0,0.0,0.0,180.0,None,None,None
2025-11-07T22:19:40.449899,9.789,19.97,577.97,20.14,0.33,0.33,0.32,0.33,0.0,0.0,0.0,0.0,0.7,0.0,0.0,0.0,0.0,0.0,0.0,180.0,None,None,None
2025-11-07T22:19:40.450426,9.789,19.97,577.97,20.14,0.33,0.33,0.32,0.33,0.0,0.0,0.0,0.0,0.7,0.0,0.0,0.0,0.0,0.0,0.0,180.0,None,None,None
2025-11-07T22:19:40.451043,9.790,19.91,508.41,20.14,0.33,0.32,0.32,0.33,0.0,0.0,0.0,0.0,0.7,0.0,0.0,0.0,0.0,0.0,0.0,180.0,None,None,None
2025-11-07T22:19:40.451607,9.791,19.91,508.41,20.14,0.33,0.32,0.32,0.33,0.0,0.0,0.0,0.0,0.7,0.0,0.0,0.0,0.0,0.0,0.0,180.0,None,None,None
2025-11-07T22:19:40.452029,9.791,19.91,508.41,20.14,0.33,0.32,0.32,0.33,0.0,0.0,0.0,0.0,0.7,0.0,0.0,0.0,0.0,0.0,0.0,180.0,None,None,None
2025-11-07T22:19:40.452448,9.791,19.91,508.41,20.14,0.33,0.32,0.32,0.33,0.0,0.0,0.0,0.0,0.7,0.0,0.0,0.0,0.0,0.0,0.0,180.0,None,None,None
2025-11-07T22:19:40.452909,9.792,19.91,575.21,20.19,0.32,0.33,0.33,0.33,0.0,0.0,0.0,0.0,0.7,0.0,0.0,0.0,0.0,0.0,0.0,180.0,None,None,None
2025-11-07T22:19:40.454258,9.793,19.91,575.21,20.19,0.32,0.33,0.33,0.33,0.0,0.0,0.0,0.0,0.7,0.0,0.0,0.0,0.0,0.0,0.0,180.0,None,None,None
2025-11-07T22:19:40.455014,9.794,19.91,575.21,20.19,0.32,0.33,0.33,0.33,0.0,0.0,0.0,0.0,0.7,0.0,0.0,0.0,0.0,0.0,0.0,180.0,None,None,None
2025-11-07T22:19:40.455488,9.794,19.91,575.21,20.19,0.32,0.33,0.33,0.33,0.0,0.0,0.0,0.0,0.7,0.0,0.0,0.0,0.0,0.0,0.0,180.0,None,None,None
2025-11-07T22:19:41.010464,10.349,19.97,575.21,20.16,0.33,0.33,0.33,0.33,0.0,0.0,0.0,0.0,0.7,0.0,0.0,0.0,0.0,0.0,0.0,180.0,None,None,None
2025-11-07T22:19:41.011658,10.351,19.97,575.21,20.16,0.33,0.33,0.33,0.33,0.0,0.0,0.0,0.0,0.7,0.0,0.0,0.0,0.0,0.0,0.0,180.0,None,None,None
2025-11-07T22:19:41.012658,10.352,19.97,575.21,20.16,0.33,0.33,0.33,0.33,0.0,0.0,0.0,0.0,0.7,0.0,0.0,0.0,0.0,0.0,0.0,180.0,None,None,None
2025-11-07T22:19:41.013446,10.352,19.97,575.21,20.16,0.33,0.33,0.33,0.33,0.0,0.0,0.0,0.0,0.7,0.0,0.0,0.0,0.0,0.0,0.0,180.0,None,None,None
2025-11-07T22:19:41.014038,10.353,19.93,575.21,20.19,0.32,0.33,0.33,0.33,0.0,0.0,0.0,0.0,0.7,0.0,0.0,0.0,0.0,0.0,0.0,180.0,None,None,None
2025-11-07T22:19:41.014597,10.354,19.93,575.21,20.19,0.32,0.33,0.33,0.33,0.0,0.0,0.0,0.0,0.7,0.0,0.0,0.0,0.0,0.0,0.0,180.0,None,None,None
2025-11-07T22:19:41.015120,10.354,19.93,575.21,20.19,0.32,0.33,0.33,0.33,0.0,0.0,0.0,0.0,0.7,0.0,0.0,0.0,0.0,0.0,0.0,180.0,None,None,None
2025-11-07T22:19:41.015941,10.355,19.93,575.21,20.19,0.32,0.33,0.33,0.33,0.0,0.0,0.0,0.0,0.7,0.0,0.0,0.0,0.0,0.0,0.0,180.0,None,None,None
2025-11-07T22:19:41.016595,10.356,19.95,571.46,20.14,0.33,0.33,0.32,0.33,0.0,0.0,0.0,0.0,0.7,0.0,0.0,0.0,0.0,0.0,0.0,180.0,None,None,None
2025-11-07T22:19:41.017188,10.356,19.95,571.46,20.14,0.33,0.33,0.32,0.33,0.0,0.0,0.0,0.0,0.7,0.0,0.0,0.0,0.0,0.0,0.0,180.0,None,None,None
2025-11-07T22:19:41.017841,10.357,19.95,571.46,20.14,0.33,0.33,0.32,0.33,0.0,0.0,0.0,0.0,0.7,0.0,0.0,0.0,0.0,0.0,0.0,180.0,None,None,None
2025-11-07T22:19:41.018433,10.357,19.95,571.46,20.14,0.33,0.33,0.32,0.33,0.0,0.0,0.0,0.0,0.7,0.0,0.0,0.0,0.0,0.0,0.0,180.0,None,None,None
2025-11-07T22:19:41.019070,10.358,19.99,508.41,20.16,0.33,0.32,0.33,0.33,0.0,0.0,0.0,0.0,0.7,0.0,0.0,0.0,0.0,0.0,0.0,180.0,None,None,None
2025-11-07T22:19:41.019666,10.359,19.99,508.41,20.16,0.33,0.32,0.33,0.33,0.0,0.0,0.0,0.0,0.7,0.0,0.0,0.0,0.0,0.0,0.0,180.0,None,None,None
2025-11-07T22:19:41.514693,10.854,19.99,508.41,20.16,0.33,0.32,0.33,0.33,0.0,0.0,0.0,0.0,0.7,0.0,0.0,0.0,0.0,0.0,0.0,180.0,None,None,None
2025-11-07T22:19:41.515334,10.854,19.99,508.41,20.16,0.33,0.32,0.33,0.33,0.0,0.0,0.0,0.0,0.7,0.0,0.0,0.0,0.0,0.0,0.0,180.0,None,None,None
2025-11-07T22:19:41.516311,10.855,19.97,508.41,20.19,0.33,0.33,0.32,0.33,0.0,0.0,0.0,0.0,0.7,0.0,0.0,0.0,0.0,0.0,0.0,180.0,None,None,None
2025-11-07T22:19:41.516972,10.856,19.97,508.41,20.19,0.33,0.33,0.32,0.33,0.0,0.0,0.0,0.0,0.7,0.0,0.0,0.0,0.0,0.0,0.0,180.0,None,None,None
2025-11-07T22:19:41.517584,10.857,19.97,508.41,20.19,0.33,0.33,0.32,0.33,0.0,0.0,0.0,0.0,0.7,0.0,0.0,0.0,0.0,0.0,0.0,180.0,None,None,None
2025-11-07T22:19:41.518175,10.857,19.97,508.41,20.19,0.33,0.33,0.32,0.33,0.0,0.0,0.0,0.0,0.7,0.0,0.0,0.0,0.0,0.0,0.0,180.0,None,None,None
2025-11-07T22:19:41.518807,10.858,19.93,575.21,20.14,0.33,0.33,0.32,0.33,0.0,0.0,0.0,0.0,0.7,0.0,0.0,0.0,0.0,0.0,0.0,180.0,None,None,None
2025-11-07T22:19:41.519399,10.858,19.93,575.21,20.14,0.33,0.33,0.32,0.33,0.0,0.0,0.0,0.0,0.7,0.0,0.0,0.0,0.0,0.0,0.0,180.0,None,None,None
2025-11-07T22:19:41.519988,10.859,19.93,575.21,20.14,0.33,0.33,0.32,0.33,0.0,0.0,0.0,0.0,0.7,0.0,0.0,0.0,0.0,0.0,0.0,180.0,None,None,None
2025-11-07T22:19:41.520758,10.860,19.93,575.21,20.14,0.33,0.33,0.32,0.33,0.0,0.0,0.0,0.0,0.7,0.0,0.0,0.0,0.0,0.0,0.0,180.0,None,None,None
2025-11-07T22:19:41.522025,10.861,19.95,565.38,20.16,0.32,0.33,0.32,0.33,0.0,0.0,0.0,0.0,0.7,0.0,0.0,0.0,0.0,0.0,0.0,180.0,None,None,None
2025-11-07T22:19:41.522634,10.862,19.95,565.38,20.16,0.32,0.33,0.32,0.33,0.0,0.0,0.0,0.0,0.7,0.0,0.0,0.0,0.0,0.0,0.0,180.0,None,None,None
2025-11-07T22:19:42.002851,11.342,19.95,565.38,20.16,0.32,0.33,0.32,0.33,0.0,0.0,0.0,0.0,0.7,0.0,0.0,0.0,0.0,0.0,0.0,180.0,None,None,None
2025-11-07T22:19:42.003593,11.343,19.95,565.38,20.16,0.32,0.33,0.32,0.33,0.0,0.0,0.0,0.0,0.7,0.0,0.0,0.0,0.0,0.0,0.0,180.0,None,None,None
2025-11-07T22:19:42.004180,11.343,19.95,508.41,20.12,0.33,0.32,0.32,0.33,0.0,0.0,0.0,0.0,0.7,0.0,0.0,0.0,0.0,0.0,0.0,180.0,None,None,None
2025-11-07T22:19:42.004623,11.344,19.95,508.41,20.12,0.33,0.32,0.32,0.33,0.0,0.0,0.0,0.0,0.7,0.0,0.0,0.0,0.0,0.0,0.0,180.0,None,None,None
2025-11-07T22:19:42.005040,11.344,19.95,508.41,20.12,0.33,0.32,0.32,0.33,0.0,0.0,0.0,0.0,0.7,0.0,0.0,0.0,0.0,0.0,0.0,180.0,None,None,None
2025-11-07T22:19:42.005458,11.344,19.95,508.41,20.12,0.33,0.32,0.32,0.33,0.0,0.0,0.0,0.0,0.7,0.0,0.0,0.0,0.0,0.0,0.0,180.0,None,None,None
2025-11-07T22:19:42.005897,11.345,19.97,571.46,20.16,0.33,0.33,0.33,0.33,0.0,0.0,0.0,0.0,0.7,0.0,0.0,0.0,0.0,0.0,0.0,180.0,None,None,None
2025-11-07T22:19:42.006310,11.345,19.97,571.46,20.16,0.33,0.33,0.33,0.33,0.0,0.0,0.0,0.0,0.7,0.0,0.0,0.0,0.0,0.0,0.0,180.0,None,None,None
2025-11-07T22:19:42.006733,11.346,19.97,571.46,20.16,0.33,0.33,0.33,0.33,0.0,0.0,0.0,0.0,0.7,0.0,0.0,0.0,0.0,0.0,0.0,180.0,None,None,None
2025-11-07T22:19:42.007139,11.346,19.97,571.46,20.16,0.33,0.33,0.33,0.33,0.0,0.0,0.0,0.0,0.7,0.0,0.0,0.0,0.0,0.0,0.0,180.0,None,None,None
2025-11-07T22:19:42.007592,11.347,19.95,508.41,20.16,0.33,0.32,0.32,0.33,0.0,0.0,0.0,0.0,0.7,0.0,0.0,0.0,0.0,0.0,0.0,180.0,None,None,None
2025-11-07T22:19:42.008198,11.347,19.95,508.41,20.16,0.33,0.32,0.32,0.33,0.0,0.0,0.0,0.0,0.7,0.0,0.0,0.0,0.0,0.0,0.0,180.0,None,None,None
2025-11-07T22:19:42.474326,11.813,19.95,508.41,20.16,0.33,0.32,0.32,0.33,0.0,0.0,0.0,0.0,0.7,0.0,0.0,0.0,0.0,0.0,0.0,180.0,None,None,None
2025-11-07T22:19:42.474891,11.814,19.95,508.41,20.16,0.33,0.32,0.32,0.33,0.0,0.0,0.0,0.0,0.7,0.0,0.0,0.0,0.0,0.0,0.0,180.0,None,None,None
2025-11-07T22:19:42.475368,11.814,19.95,508.41,20.14,0.33,0.33,0.32,0.33,0.0,0.0,0.0,0.0,0.7,0.0,0.0,0.0,0.0,0.0,0.0,180.0,None,None,None
2025-11-07T22:19:42.475802,11.815,19.95,508.41,20.14,0.33,0.33,0.32,0.33,0.0,0.0,0.0,0.0,0.7,0.0,0.0,0.0,0.0,0.0,0.0,180.0,None,None,None
2025-11-07T22:19:42.476194,11.815,19.95,508.41,20.14,0.33,0.33,0.32,0.33,0.0,0.0,0.0,0.0,0.7,0.0,0.0,0.0,0.0,0.0,0.0,180.0,None,None,None
2025-11-07T22:19:42.476601,11.816,19.95,508.41,20.14,0.33,0.33,0.32,0.33,0.0,0.0,0.0,0.0,0.7,0.0,0.0,0.0,0.0,0.0,0.0,180.0,None,None,None
2025-11-07T22:19:42.477024,11.816,19.93,571.46,20.16,0.33,0.33,0.32,0.33,0.0,0.0,0.0,0.0,0.7,0.0,0.0,0.0,0.0,0.0,0.0,180.0,None,None,None
2025-11-07T22:19:42.477440,11.816,19.93,571.46,20.16,0.33,0.33,0.32,0.33,0.0,0.0,0.0,0.0,0.7,0.0,0.0,0.0,0.0,0.0,0.0,180.0,None,None,None
2025-11-07T22:19:42.477837,11.817,19.93,571.46,20.16,0.33,0.33,0.32,0.33,0.0,0.0,0.0,0.0,0.7,0.0,0.0,0.0,0.0,0.0,0.0,180.0,None,None,None
2025-11-07T22:19:42.478223,11.817,19.93,571.46,20.16,0.33,0.33,0.32,0.33,0.0,0.0,0.0,0.0,0.7,0.0,0.0,0.0,0.0,0.0,0.0,180.0,None,None,None
2025-11-07T22:19:42.996747,12.336,19.95,571.46,20.12,0.33,0.32,0.32,0.33,0.0,0.0,0.0,0.0,0.7,0.0,0.0,0.0,0.0,0.0,0.0,180.0,None,None,None
2025-11-07T22:19:42.997335,12.336,19.95,571.46,20.12,0.33,0.32,0.32,0.33,0.0,0.0,0.0,0.0,0.7,0.0,0.0,0.0,0.0,0.0,0.0,180.0,None,None,None
2025-11-07T22:19:42.997802,12.337,19.95,571.46,20.12,0.33,0.32,0.32,0.33,0.0,0.0,0.0,0.0,0.7,0.0,0.0,0.0,0.0,0.0,0.0,180.0,None,None,None
2025-11-07T22:19:42.998205,12.337,19.95,571.46,20.12,0.33,0.32,0.32,0.33,0.0,0.0,0.0,0.0,0.7,0.0,0.0,0.0,0.0,0.0,0.0,180.0,None,None,None
2025-11-07T22:19:42.998615,12.338,19.95,508.41,20.14,0.33,0.32,0.32,0.33,0.0,0.0,0.0,0.0,0.7,0.0,0.0,0.0,0.0,0.0,0.0,180.0,None,None,None
2025-11-07T22:19:42.999014,12.338,19.95,508.41,20.14,0.33,0.32,0.32,0.33,0.0,0.0,0.0,0.0,0.7,0.0,0.0,0.0,0.0,0.0,0.0,180.0,None,None,None
2025-11-07T22:19:42.999399,12.338,19.95,508.41,20.14,0.33,0.32,0.32,0.33,0.0,0.0,0.0,0.0,0.7,0.0,0.0,0.0,0.0,0.0,0.0,180.0,None,None,None
2025-11-07T22:19:42.999766,12.339,19.95,508.41,20.14,0.33,0.32,0.32,0.33,0.0,0.0,0.0,0.0,0.7,0.0,0.0,0.0,0.0,0.0,0.0,180.0,None,None,None
2025-11-07T22:19:43.000158,12.339,19.93,508.41,20.14,0.33,0.32,0.32,0.33,0.0,0.0,0.0,0.0,0.7,0.0,0.0,0.0,0.0,0.0,0.0,180.0,None,None,None
2025-11-07T22:19:43.000552,12.339,19.93,508.41,20.14,0.33,0.32,0.32,0.33,0.0,0.0,0.0,0.0,0.7,0.0,0.0,0.0,0.0,0.0,0.0,180.0,None,None,None
2025-11-07T22:19:43.000926,12.340,19.93,508.41,20.14,0.33,0.32,0.32,0.33,0.0,0.0,0.0,0.0,0.7,0.0,0.0,0.0,0.0,0.0,0.0,180.0,None,None,None
2025-11-07T22:19:43.478162,12.817,19.93,508.41,20.14,0.33,0.32,0.32,0.33,0.0,0.0,0.0,0.0,0.7,0.0,0.0,0.0,0.0,0.0,0.0,180.0,None,None,None
2025-11-07T22:19:43.478769,12.818,19.97,565.38,20.19,0.33,0.33,0.32,0.33,0.0,0.0,0.0,0.0,0.7,0.0,0.0,0.0,0.0,0.0,0.0,180.0,None,None,None
2025-11-07T22:19:43.479193,12.818,19.97,565.38,20.19,0.33,0.33,0.32,0.33,0.0,0.0,0.0,0.0,0.7,0.0,0.0,0.0,0.0,0.0,0.0,180.0,None,None,None
2025-11-07T22:19:43.479590,12.819,19.97,565.38,20.19,0.33,0.33,0.32,0.33,0.0,0.0,0.0,0.0,0.7,0.0,0.0,0.0,0.0,0.0,0.0,180.0,None,None,None
2025-11-07T22:19:43.479980,12.819,19.97,565.38,20.19,0.33,0.33,0.32,0.33,0.0,0.0,0.0,0.0,0.7,0.0,0.0,0.0,0.0,0.0,0.0,180.0,None,None,None
2025-11-07T22:19:43.480398,12.819,19.95,508.41,20.16,0.32,0.33,0.32,0.33,0.0,0.0,0.0,0.0,0.7,0.0,0.0,0.0,0.0,0.0,0.0,180.0,None,None,None
2025-11-07T22:19:43.480786,12.820,19.95,508.41,20.16,0.32,0.33,0.32,0.33,0.0,0.0,0.0,0.0,0.7,0.0,0.0,0.0,0.0,0.0,0.0,180.0,None,None,None
2025-11-07T22:19:43.481166,12.820,19.95,508.41,20.16,0.32,0.33,0.32,0.33,0.0,0.0,0.0,0.0,0.7,0.0,0.0,0.0,0.0,0.0,0.0,180.0,None,None,None
2025-11-07T22:19:43.481551,12.820,19.95,508.41,20.16,0.32,0.33,0.32,0.33,0.0,0.0,0.0,0.0,0.7,0.0,0.0,0.0,0.0,0.0,0.0,180.0,None,None,None
2025-11-07T22:19:43.481965,12.821,19.97,571.46,20.12,0.32,0.33,0.32,0.33,0.0,0.0,0.0,0.0,0.7,0.0,0.0,0.0,0.0,0.0,0.0,180.0,None,None,None
2025-11-07T22:19:43.482354,12.821,19.97,571.46,20.12,0.32,0.33,0.32,0.33,0.0,0.0,0.0,0.0,0.7,0.0,0.0,0.0,0.0,0.0,0.0,180.0,None,None,None
2025-11-07T22:19:43.482735,12.822,19.97,571.46,20.12,0.32,0.33,0.32,0.33,0.0,0.0,0.0,0.0,0.7,0.0,0.0,0.0,0.0,0.0,0.0,180.0,None,None,None
2025-11-07T22:19:43.955346,13.294,19.95,565.38,20.16,0.33,0.33,0.32,0.33,0.0,0.0,0.0,0.0,0.7,0.0,0.0,0.0,0.0,0.0,0.0,180.0,None,None,None
2025-11-07T22:19:43.956173,13.295,19.95,565.38,20.16,0.33,0.33,0.32,0.33,0.0,0.0,0.0,0.0,0.7,0.0,0.0,0.0,0.0,0.0,0.0,180.0,None,None,None
2025-11-07T22:19:43.957138,13.296,19.95,565.38,20.16,0.33,0.33,0.32,0.33,0.0,0.0,0.0,0.0,0.7,0.0,0.0,0.0,0.0,0.0,0.0,180.0,None,None,None
2025-11-07T22:19:43.958703,13.298,19.95,565.38,20.16,0.33,0.33,0.32,0.33,0.0,0.0,0.0,0.0,0.7,0.0,0.0,0.0,0.0,0.0,0.0,180.0,None,None,None
2025-11-07T22:19:43.959587,13.299,19.97,508.41,20.12,0.33,0.33,0.32,0.33,0.0,0.0,0.0,0.0,0.7,0.0,0.0,0.0,0.0,0.0,0.0,180.0,None,None,None
2025-11-07T22:19:43.960246,13.299,19.97,508.41,20.12,0.33,0.33,0.32,0.33,0.0,0.0,0.0,0.0,0.7,0.0,0.0,0.0,0.0,0.0,0.0,180.0,None,None,None
2025-11-07T22:19:43.960847,13.300,19.97,508.41,20.12,0.33,0.33,0.32,0.33,0.0,0.0,0.0,0.0,0.7,0.0,0.0,0.0,0.0,0.0,0.0,180.0,None,None,None
2025-11-07T22:19:43.961424,13.300,19.97,508.41,20.12,0.33,0.33,0.32,0.33,0.0,0.0,0.0,0.0,0.7,0.0,0.0,0.0,0.0,0.0,0.0,180.0,None,None,None
2025-11-07T22:19:43.962314,13.301,19.93,575.21,20.12,0.33,0.32,0.33,0.33,0.0,0.0,0.0,0.0,0.7,0.0,0.0,0.0,0.0,0.0,0.0,180.0,None,None,None
2025-11-07T22:19:43.963012,13.302,19.93,575.21,20.12,0.33,0.32,0.33,0.33,0.0,0.0,0.0,0.0,0.7,0.0,0.0,0.0,0.0,0.0,0.0,180.0,None,None,None
2025-11-07T22:19:43.963788,13.303,19.93,575.21,20.12,0.33,0.32,0.33,0.33,0.0,0.0,0.0,0.0,0.7,0.0,0.0,0.0,0.0,0.0,0.0,180.0,None,None,None
2025-11-07T22:19:43.964538,13.303,19.93,575.21,20.12,0.33,0.32,0.33,0.33,0.0,0.0,0.0,0.0,0.7,0.0,0.0,0.0,0.0,0.0,0.0,180.0,None,None,None
2025-11-07T22:19:44.444494,13.783,19.95,565.38,20.16,0.33,0.33,0.32,0.33,0.0,0.0,0.0,0.0,0.7,0.0,0.0,0.0,0.0,0.0,0.0,180.0,None,None,None
2025-11-07T22:19:44.445112,13.784,19.95,565.38,20.16,0.33,0.33,0.32,0.33,0.0,0.0,0.0,0.0,0.7,0.0,0.0,0.0,0.0,0.0,0.0,180.0,None,None,None
2025-11-07T22:19:44.445642,13.785,19.95,565.38,20.16,0.33,0.33,0.32,0.33,0.0,0.0,0.0,0.0,0.7,0.0,0.0,0.0,0.0,0.0,0.0,180.0,None,None,None
2025-11-07T22:19:44.446125,13.785,19.95,565.38,20.16,0.33,0.33,0.32,0.33,0.0,0.0,0.0,0.0,0.7,0.0,0.0,0.0,0.0,0.0,0.0,180.0,None,None,None
2025-11-07T22:19:44.446647,13.786,19.95,508.41,20.12,0.33,0.33,0.32,0.33,0.0,0.0,0.0,0.0,0.7,0.0,0.0,0.0,0.0,0.0,0.0,180.0,None,None,None
2025-11-07T22:19:44.447171,13.786,19.95,508.41,20.12,0.33,0.33,0.32,0.33,0.0,0.0,0.0,0.0,0.7,0.0,0.0,0.0,0.0,0.0,0.0,180.0,None,None,None
2025-11-07T22:19:44.447641,13.787,19.95,508.41,20.12,0.33,0.33,0.32,0.33,0.0,0.0,0.0,0.0,0.7,0.0,0.0,0.0,0.0,0.0,0.0,180.0,None,None,None
2025-11-07T22:19:44.448095,13.787,19.95,508.41,20.12,0.33,0.33,0.32,0.33,0.0,0.0,0.0,0.0,0.7,0.0,0.0,0.0,0.0,0.0,0.0,180.0,None,None,None
2025-11-07T22:19:44.448604,13.788,19.93,575.21,20.14,0.32,0.33,0.32,0.33,0.0,0.0,0.0,0.0,0.7,0.0,0.0,0.0,0.0,0.0,0.0,180.0,None,None,None
2025-11-07T22:19:44.449085,13.788,19.93,575.21,20.14,0.32,0.33,0.32,0.33,0.0,0.0,0.0,0.0,0.7,0.0,0.0,0.0,0.0,0.0,0.0,180.0,None,None,None
2025-11-07T22:19:44.449577,13.789,19.93,575.21,20.14,0.32,0.33,0.32,0.33,0.0,0.0,0.0,0.0,0.7,0.0,0.0,0.0,0.0,0.0,0.0,180.0,None,None,None
2025-11-07T22:19:44.450381,13.789,19.93,575.21,20.14,0.32,0.33,0.32,0.33,0.0,0.0,0.0,0.0,0.7,0.0,0.0,0.0,0.0,0.0,0.0,180.0,None,None,None
2025-11-07T22:19:44.451593,13.791,20.03,565.38,20.14,0.33,0.32,0.32,0.33,0.0,0.0,0.0,0.0,0.7,0.0,0.0,0.0,0.0,0.0,0.0,180.0,None,None,None
2025-11-07T22:19:44.929043,14.268,20.03,565.38,20.14,0.33,0.32,0.32,0.33,0.0,0.0,0.0,0.0,0.7,0.0,0.0,0.0,0.0,0.0,0.0,180.0,None,None,None
2025-11-07T22:19:44.929677,14.269,20.03,565.38,20.14,0.33,0.32,0.32,0.33,0.0,0.0,0.0,0.0,0.7,0.0,0.0,0.0,0.0,0.0,0.0,180.0,None,None,None
2025-11-07T22:19:44.930164,14.269,20.03,565.38,20.14,0.33,0.32,0.32,0.33,0.0,0.0,0.0,0.0,0.7,0.0,0.0,0.0,0.0,0.0,0.0,180.0,None,None,None
2025-11-07T22:19:44.930660,14.270,20.12,565.38,20.19,0.33,0.33,0.32,0.33,0.0,0.0,0.0,0.0,0.7,0.0,0.0,0.0,0.0,0.0,0.0,180.0,None,None,None
2025-11-07T22:19:44.931110,14.270,20.12,565.38,20.19,0.33,0.33,0.32,0.33,0.0,0.0,0.0,0.0,0.7,0.0,0.0,0.0,0.0,0.0,0.0,180.0,None,None,None
2025-11-07T22:19:44.931561,14.270,20.12,565.38,20.19,0.33,0.33,0.32,0.33,0.0,0.0,0.0,0.0,0.7,0.0,0.0,0.0,0.0,0.0,0.0,180.0,None,None,None
2025-11-07T22:19:44.932009,14.271,20.12,565.38,20.19,0.33,0.33,0.32,0.33,0.0,0.0,0.0,0.0,0.7,0.0,0.0,0.0,0.0,0.0,0.0,180.0,None,None,None
2025-11-07T22:19:44.932487,14.271,19.97,571.46,20.16,0.33,0.33,0.32,0.33,0.0,0.0,0.0,0.0,0.7,0.0,0.0,0.0,0.0,0.0,0.0,180.0,None,None,None
2025-11-07T22:19:44.932969,14.272,19.97,571.46,20.16,0.33,0.33,0.32,0.33,0.0,0.0,0.0,0.0,0.7,0.0,0.0,0.0,0.0,0.0,0.0,180.0,None,None,None
2025-11-07T22:19:44.933408,14.272,19.97,571.46,20.16,0.33,0.33,0.32,0.33,0.0,0.0,0.0,0.0,0.7,0.0,0.0,0.0,0.0,0.0,0.0,180.0,None,None,None
2025-11-07T22:19:44.933846,14.273,19.97,571.46,20.16,0.33,0.33,0.32,0.33,0.0,0.0,0.0,0.0,0.7,0.0,0.0,0.0,0.0,0.0,0.0,180.0,None,None,None
2025-11-07T22:19:44.934472,14.273,19.95,571.46,20.16,0.32,0.33,0.32,0.33,0.0,0.0,0.0,0.0,0.7,0.0,0.0,0.0,0.0,0.0,0.0,180.0,None,None,None
2025-11-07T22:19:45.431264,14.770,19.95,571.46,20.16,0.32,0.33,0.32,0.33,0.0,0.0,0.0,0.0,0.7,0.0,0.0,0.0,0.0,0.0,0.0,180.0,None,None,None
2025-11-07T22:19:45.431933,14.771,19.95,571.46,20.16,0.32,0.33,0.32,0.33,0.0,0.0,0.0,0.0,0.7,0.0,0.0,0.0,0.0,0.0,0.0,180.0,None,None,None
2025-11-07T22:19:45.432467,14.771,19.95,571.46,20.16,0.32,0.33,0.32,0.33,0.0,0.0,0.0,0.0,0.7,0.0,0.0,0.0,0.0,0.0,0.0,180.0,None,None,None
2025-11-07T22:19:45.433048,14.772,19.99,565.38,20.16,0.33,0.32,0.32,0.33,0.0,0.0,0.0,0.0,0.7,0.0,0.0,0.0,0.0,0.0,0.0,180.0,None,None,None
2025-11-07T22:19:45.433525,14.772,19.99,565.38,20.16,0.33,0.32,0.32,0.33,0.0,0.0,0.0,0.0,0.7,0.0,0.0,0.0,0.0,0.0,0.0,180.0,None,None,None
2025-11-07T22:19:45.433974,14.773,19.99,565.38,20.16,0.33,0.32,0.32,0.33,0.0,0.0,0.0,0.0,0.7,0.0,0.0,0.0,0.0,0.0,0.0,180.0,None,None,None
2025-11-07T22:19:45.434421,14.773,19.99,565.38,20.16,0.33,0.32,0.32,0.33,0.0,0.0,0.0,0.0,0.7,0.0,0.0,0.0,0.0,0.0,0.0,180.0,None,None,None
2025-11-07T22:19:45.434894,14.774,19.95,575.21,20.16,0.33,0.33,0.32,0.33,0.0,0.0,0.0,0.0,0.7,0.0,0.0,0.0,0.0,0.0,0.0,180.0,None,None,None
2025-11-07T22:19:45.435340,14.774,19.95,575.21,20.16,0.33,0.33,0.32,0.33,0.0,0.0,0.0,0.0,0.7,0.0,0.0,0.0,0.0,0.0,0.0,180.0,None,None,None
2025-11-07T22:19:45.435772,14.775,19.95,575.21,20.16,0.33,0.33,0.32,0.33,0.0,0.0,0.0,0.0,0.7,0.0,0.0,0.0,0.0,0.0,0.0,180.0,None,None,None
2025-11-07T22:19:45.436297,14.775,19.95,575.21,20.16,0.33,0.33,0.32,0.33,0.0,0.0,0.0,0.0,0.7,0.0,0.0,0.0,0.0,0.0,0.0,180.0,None,None,None
2025-11-07T22:19:45.437067,14.776,19.95,565.38,20.08,0.33,0.33,0.32,0.33,0.0,0.0,0.0,0.0,0.7,0.0,0.0,0.0,0.0,0.0,0.0,180.0,None,None,None
2025-11-07T22:19:45.940719,15.280,19.95,565.38,20.08,0.33,0.33,0.32,0.33,0.0,0.0,0.0,0.0,0.7,0.0,0.0,0.0,0.0,0.0,0.0,180.0,None,None,None
2025-11-07T22:19:45.941369,15.280,19.95,565.38,20.08,0.33,0.33,0.32,0.33,0.0,0.0,0.0,0.0,0.7,0.0,0.0,0.0,0.0,0.0,0.0,180.0,None,None,None
2025-11-07T22:19:45.941900,15.281,19.95,565.38,20.08,0.33,0.33,0.32,0.33,0.0,0.0,0.0,0.0,0.7,0.0,0.0,0.0,0.0,0.0,0.0,180.0,None,None,None
2025-11-07T22:19:45.942444,15.281,19.97,565.38,20.12,0.32,0.33,0.32,0.33,0.0,0.0,0.0,0.0,0.7,0.0,0.0,0.0,0.0,0.0,0.0,180.0,None,None,None
2025-11-07T22:19:45.942935,15.282,19.97,565.38,20.12,0.32,0.33,0.32,0.33,0.0,0.0,0.0,0.0,0.7,0.0,0.0,0.0,0.0,0.0,0.0,180.0,None,None,None
2025-11-07T22:19:45.943415,15.282,19.97,565.38,20.12,0.32,0.33,0.32,0.33,0.0,0.0,0.0,0.0,0.7,0.0,0.0,0.0,0.0,0.0,0.0,180.0,None,None,None
2025-11-07T22:19:45.943883,15.283,19.97,565.38,20.12,0.32,0.33,0.32,0.33,0.0,0.0,0.0,0.0,0.7,0.0,0.0,0.0,0.0,0.0,0.0,180.0,None,None,None
2025-11-07T22:19:45.944392,15.283,19.95,571.46,20.16,0.33,0.33,0.32,0.33,0.0,0.0,0.0,0.0,0.7,0.0,0.0,0.0,0.0,0.0,0.0,180.0,None,None,None
2025-11-07T22:19:45.944871,15.284,19.95,571.46,20.16,0.33,0.33,0.32,0.33,0.0,0.0,0.0,0.0,0.7,0.0,0.0,0.0,0.0,0.0,0.0,180.0,None,None,None
2025-11-07T22:19:45.945344,15.284,19.95,571.46,20.16,0.33,0.33,0.32,0.33,0.0,0.0,0.0,0.0,0.7,0.0,0.0,0.0,0.0,0.0,0.0,180.0,None,None,None
2025-11-07T22:19:45.945825,15.285,19.95,571.46,20.16,0.33,0.33,0.32,0.33,0.0,0.0,0.0,0.0,0.7,0.0,0.0,0.0,0.0,0.0,0.0,180.0,None,None,None
2025-11-07T22:19:45.946576,15.286,19.97,571.46,20.14,0.33,0.33,0.32,0.33,0.0,0.0,0.0,0.0,0.7,0.0,0.0,0.0,0.0,0.0,0.0,180.0,None,None,None
2025-11-07T22:19:46.442777,15.782,19.97,571.46,20.14,0.33,0.33,0.32,0.33,0.0,0.0,0.0,0.0,0.7,0.0,0.0,0.0,0.0,0.0,0.0,180.0,None,None,None
2025-11-07T22:19:46.443414,15.782,19.97,571.46,20.14,0.33,0.33,0.32,0.33,0.0,0.0,0.0,0.0,0.7,0.0,0.0,0.0,0.0,0.0,0.0,180.0,None,None,None
2025-11-07T22:19:46.443910,15.783,19.97,571.46,20.14,0.33,0.33,0.32,0.33,0.0,0.0,0.0,0.0,0.7,0.0,0.0,0.0,0.0,0.0,0.0,180.0,None,None,None
2025-11-07T22:19:46.444428,15.783,19.97,571.46,20.14,0.33,0.33,0.32,0.33,0.0,0.0,0.0,0.0,0.7,0.0,0.0,0.0,0.0,0.0,0.0,180.0,None,None,None
2025-11-07T22:19:46.444905,15.784,19.97,571.46,20.14,0.33,0.33,0.32,0.33,0.0,0.0,0.0,0.0,0.7,0.0,0.0,0.0,0.0,0.0,0.0,180.0,None,None,None
2025-11-07T22:19:46.445364,15.784,19.97,571.46,20.14,0.33,0.33,0.32,0.33,0.0,0.0,0.0,0.0,0.7,0.0,0.0,0.0,0.0,0.0,0.0,180.0,None,None,None
2025-11-07T22:19:46.445842,15.785,19.97,571.46,20.14,0.33,0.33,0.32,0.33,0.0,0.0,0.0,0.0,0.7,0.0,0.0,0.0,0.0,0.0,0.0,180.0,None,None,None
2025-11-07T22:19:46.446334,15.785,19.97,565.38,20.14,0.33,0.32,0.32,0.33,0.0,0.0,0.0,0.0,0.7,0.0,0.0,0.0,0.0,0.0,0.0,180.0,None,None,None
2025-11-07T22:19:46.446805,15.786,19.97,565.38,20.14,0.33,0.32,0.32,0.33,0.0,0.0,0.0,0.0,0.7,0.0,0.0,0.0,0.0,0.0,0.0,180.0,None,None,None
2025-11-07T22:19:46.447306,15.786,19.97,565.38,20.14,0.33,0.32,0.32,0.33,0.0,0.0,0.0,0.0,0.7,0.0,0.0,0.0,0.0,0.0,0.0,180.0,None,None,None
2025-11-07T22:19:46.447714,15.787,19.97,565.38,20.14,0.33,0.32,0.32,0.33,0.0,0.0,0.0,0.0,0.7,0.0,0.0,0.0,0.0,0.0,0.0,180.0,None,None,None
2025-11-07T22:19:46.448311,15.787,19.91,575.21,20.16,0.32,0.33,0.32,0.33,0.0,0.0,0.0,0.0,0.7,0.0,0.0,0.0,0.0,0.0,0.0,180.0,None,None,None
2025-11-07T22:19:46.939552,16.278,19.91,575.21,20.16,0.32,0.33,0.32,0.33,0.0,0.0,0.0,0.0,0.7,0.0,0.0,0.0,0.0,0.0,0.0,180.0,None,None,None
2025-11-07T22:19:46.940157,16.279,19.91,575.21,20.16,0.32,0.33,0.32,0.33,0.0,0.0,0.0,0.0,0.7,0.0,0.0,0.0,0.0,0.0,0.0,180.0,None,None,None
2025-11-07T22:19:46.940696,16.280,19.95,565.38,20.19,0.33,0.33,0.33,0.33,0.0,0.0,0.0,0.0,0.7,0.0,0.0,0.0,0.0,0.0,0.0,180.0,None,None,None
2025-11-07T22:19:46.941162,16.280,19.95,565.38,20.19,0.33,0.33,0.33,0.33,0.0,0.0,0.0,0.0,0.7,0.0,0.0,0.0,0.0,0.0,0.0,180.0,None,None,None
2025-11-07T22:19:46.941620,16.281,19.95,565.38,20.19,0.33,0.33,0.33,0.33,0.0,0.0,0.0,0.0,0.7,0.0,0.0,0.0,0.0,0.0,0.0,180.0,None,None,None
2025-11-07T22:19:46.942060,16.281,19.95,565.38,20.19,0.33,0.33,0.33,0.33,0.0,0.0,0.0,0.0,0.7,0.0,0.0,0.0,0.0,0.0,0.0,180.0,None,None,None
2025-11-07T22:19:46.942561,16.281,19.95,508.41,20.14,0.32,0.33,0.32,0.33,0.0,0.0,0.0,0.0,0.7,0.0,0.0,0.0,0.0,0.0,0.0,180.0,None,None,None
2025-11-07T22:19:46.943016,16.282,19.95,508.41,20.14,0.32,0.33,0.32,0.33,0.0,0.0,0.0,0.0,0.7,0.0,0.0,0.0,0.0,0.0,0.0,180.0,None,None,None
2025-11-07T22:19:46.943466,16.282,19.95,508.41,20.14,0.32,0.33,0.32,0.33,0.0,0.0,0.0,0.0,0.7,0.0,0.0,0.0,0.0,0.0,0.0,180.0,None,None,None
2025-11-07T22:19:46.943908,16.283,19.95,508.41,20.14,0.32,0.33,0.32,0.33,0.0,0.0,0.0,0.0,0.7,0.0,0.0,0.0,0.0,0.0,0.0,180.0,None,None,None
2025-11-07T22:19:46.944371,16.283,19.99,565.38,20.14,0.33,0.32,0.32,0.33,0.0,0.0,0.0,0.0,0.7,0.0,0.0,0.0,0.0,0.0,0.0,180.0,None,None,None
2025-11-07T22:19:46.944826,16.284,19.99,565.38,20.14,0.33,0.32,0.32,0.33,0.0,0.0,0.0,0.0,0.7,0.0,0.0,0.0,0.0,0.0,0.0,180.0,None,None,None
2025-11-07T22:19:47.454094,16.793,19.99,565.38,20.14,0.33,0.32,0.32,0.33,0.0,0.0,0.0,0.0,0.7,0.0,0.0,0.0,0.0,0.0,0.0,180.0,None,None,None
2025-11-07T22:19:47.454928,16.794,19.99,565.38,20.14,0.33,0.32,0.32,0.33,0.0,0.0,0.0,0.0,0.7,0.0,0.0,0.0,0.0,0.0,0.0,180.0,None,None,None
2025-11-07T22:19:47.455531,16.794,19.97,565.38,20.16,0.32,0.33,0.32,0.33,0.0,0.0,0.0,0.0,0.7,0.0,0.0,0.0,0.0,0.0,0.0,180.0,None,None,None
2025-11-07T22:19:47.456068,16.795,19.97,565.38,20.16,0.32,0.33,0.32,0.33,0.0,0.0,0.0,0.0,0.7,0.0,0.0,0.0,0.0,0.0,0.0,180.0,None,None,None
2025-11-07T22:19:47.456512,16.795,19.97,565.38,20.16,0.32,0.33,0.32,0.33,0.0,0.0,0.0,0.0,0.7,0.0,0.0,0.0,0.0,0.0,0.0,180.0,None,None,None
2025-11-07T22:19:47.456980,16.796,19.97,565.38,20.16,0.32,0.33,0.32,0.33,0.0,0.0,0.0,0.0,0.7,0.0,0.0,0.0,0.0,0.0,0.0,180.0,None,None,None
2025-11-07T22:19:47.457654,16.797,19.95,565.38,19.97,0.33,0.33,0.32,0.33,0.0,0.0,0.0,0.0,0.7,0.0,0.0,0.0,0.0,0.0,0.0,180.0,None,None,None
2025-11-07T22:19:47.458123,16.797,19.95,565.38,19.97,0.33,0.33,0.32,0.33,0.0,0.0,0.0,0.0,0.7,0.0,0.0,0.0,0.0,0.0,0.0,180.0,None,None,None
2025-11-07T22:19:47.458601,16.798,19.95,565.38,19.97,0.33,0.33,0.32,0.33,0.0,0.0,0.0,0.0,0.7,0.0,0.0,0.0,0.0,0.0,0.0,180.0,None,None,None
2025-11-07T22:19:47.459210,16.798,19.95,565.38,19.97,0.33,0.33,0.32,0.33,0.0,0.0,0.0,0.0,0.7,0.0,0.0,0.0,0.0,0.0,0.0,180.0,None,None,None
2025-11-07T22:19:47.459892,16.799,19.95,575.21,20.19,0.33,0.32,0.32,0.33,0.0,0.0,0.0,0.0,0.7,0.0,0.0,0.0,0.0,0.0,0.0,180.0,None,None,None
2025-11-07T22:19:47.460471,16.799,19.95,575.21,20.19,0.33,0.32,0.32,0.33,0.0,0.0,0.0,0.0,0.7,0.0,0.0,0.0,0.0,0.0,0.0,180.0,None,None,None
2025-11-07T22:19:47.966580,17.306,19.95,575.21,20.19,0.33,0.32,0.32,0.33,0.0,0.0,0.0,0.0,0.7,0.0,0.0,0.0,0.0,0.0,0.0,180.0,None,None,None
2025-11-07T22:19:47.967757,17.307,19.95,575.21,20.19,0.33,0.32,0.32,0.33,0.0,0.0,0.0,0.0,0.7,0.0,0.0,0.0,0.0,0.0,0.0,180.0,None,None,None
2025-11-07T22:19:47.968672,17.308,19.93,571.46,20.51,0.33,0.33,0.32,0.33,0.0,0.0,0.0,0.0,0.7,0.0,0.0,0.0,0.0,0.0,0.0,180.0,None,None,None
2025-11-07T22:19:47.969496,17.308,19.93,571.46,20.51,0.33,0.33,0.32,0.33,0.0,0.0,0.0,0.0,0.7,0.0,0.0,0.0,0.0,0.0,0.0,180.0,None,None,None
2025-11-07T22:19:47.970158,17.309,19.93,571.46,20.51,0.33,0.33,0.32,0.33,0.0,0.0,0.0,0.0,0.7,0.0,0.0,0.0,0.0,0.0,0.0,180.0,None,None,None
2025-11-07T22:19:47.970807,17.310,19.93,571.46,20.51,0.33,0.33,0.32,0.33,0.0,0.0,0.0,0.0,0.7,0.0,0.0,0.0,0.0,0.0,0.0,180.0,None,None,None
2025-11-07T22:19:47.971544,17.310,19.97,575.21,20.14,0.33,0.32,0.32,0.33,0.0,0.0,0.0,0.0,0.7,0.0,0.0,0.0,0.0,0.0,0.0,180.0,None,None,None
2025-11-07T22:19:47.972214,17.311,19.97,575.21,20.14,0.33,0.32,0.32,0.33,0.0,0.0,0.0,0.0,0.7,0.0,0.0,0.0,0.0,0.0,0.0,180.0,None,None,None
2025-11-07T22:19:47.972888,17.312,19.97,575.21,20.14,0.33,0.32,0.32,0.33,0.0,0.0,0.0,0.0,0.7,0.0,0.0,0.0,0.0,0.0,0.0,180.0,None,None,None
2025-11-07T22:19:47.973485,17.312,19.97,575.21,20.14,0.33,0.32,0.32,0.33,0.0,0.0,0.0,0.0,0.7,0.0,0.0,0.0,0.0,0.0,0.0,180.0,None,None,None
2025-11-07T22:19:47.974160,17.313,19.91,565.38,20.16,0.33,0.32,0.32,0.33,0.0,0.0,0.0,0.0,0.7,0.0,0.0,0.0,0.0,0.0,0.0,180.0,None,None,None
2025-11-07T22:19:48.479607,17.819,19.91,565.38,20.16,0.33,0.32,0.32,0.33,0.0,0.0,0.0,0.0,0.7,0.0,0.0,0.0,0.0,0.0,0.0,180.0,None,None,None
2025-11-07T22:19:48.480147,17.819,19.91,565.38,20.16,0.33,0.32,0.32,0.33,0.0,0.0,0.0,0.0,0.7,0.0,0.0,0.0,0.0,0.0,0.0,180.0,None,None,None
2025-11-07T22:19:48.480615,17.820,19.91,565.38,20.16,0.33,0.32,0.32,0.33,0.0,0.0,0.0,0.0,0.7,0.0,0.0,0.0,0.0,0.0,0.0,180.0,None,None,None
2025-11-07T22:19:48.481089,17.820,19.97,565.38,20.19,0.33,0.33,0.32,0.33,0.0,0.0,0.0,0.0,0.7,0.0,0.0,0.0,0.0,0.0,0.0,180.0,None,None,None
2025-11-07T22:19:48.481504,17.820,19.97,565.38,20.19,0.33,0.33,0.32,0.33,0.0,0.0,0.0,0.0,0.7,0.0,0.0,0.0,0.0,0.0,0.0,180.0,None,None,None
2025-11-07T22:19:48.481948,17.821,19.97,565.38,20.19,0.33,0.33,0.32,0.33,0.0,0.0,0.0,0.0,0.7,0.0,0.0,0.0,0.0,0.0,0.0,180.0,None,None,None
2025-11-07T22:19:48.482362,17.821,19.97,565.38,20.19,0.33,0.33,0.32,0.33,0.0,0.0,0.0,0.0,0.7,0.0,0.0,0.0,0.0,0.0,0.0,180.0,None,None,None
2025-11-07T22:19:48.482819,17.822,19.95,565.38,20.16,0.33,0.33,0.32,0.33,0.0,0.0,0.0,0.0,0.7,0.0,0.0,0.0,0.0,0.0,0.0,180.0,None,None,None
2025-11-07T22:19:48.483244,17.822,19.95,565.38,20.16,0.33,0.33,0.32,0.33,0.0,0.0,0.0,0.0,0.7,0.0,0.0,0.0,0.0,0.0,0.0,180.0,None,None,None
2025-11-07T22:19:48.483676,17.823,19.95,565.38,20.16,0.33,0.33,0.32,0.33,0.0,0.0,0.0,0.0,0.7,0.0,0.0,0.0,0.0,0.0,0.0,180.0,None,None,None
2025-11-07T22:19:48.484242,17.823,19.95,565.38,20.16,0.33,0.33,0.32,0.33,0.0,0.0,0.0,0.0,0.7,0.0,0.0,0.0,0.0,0.0,0.0,180.0,None,None,None
2025-11-07T22:19:48.484989,17.824,19.95,565.38,20.14,0.33,0.32,0.32,0.33,0.0,0.0,0.0,0.0,0.7,0.0,0.0,0.0,0.0,0.0,0.0,180.0,None,None,None
2025-11-07T22:19:48.485840,17.825,19.95,565.38,20.14,0.33,0.32,0.32,0.33,0.0,0.0,0.0,0.0,0.7,0.0,0.0,0.0,0.0,0.0,0.0,180.0,None,None,None
2025-11-07T22:19:49.126115,18.465,19.95,565.38,20.14,0.33,0.32,0.32,0.33,0.0,0.0,0.0,0.0,0.7,0.0,0.0,0.0,0.0,0.0,0.0,180.0,None,None,None
2025-11-07T22:19:49.126770,18.466,19.95,565.38,20.14,0.33,0.32,0.32,0.33,0.0,0.0,0.0,0.0,0.7,0.0,0.0,0.0,0.0,0.0,0.0,180.0,None,None,None
2025-11-07T22:19:49.127282,18.466,19.88,571.46,20.16,0.33,0.32,0.32,0.33,0.0,0.0,0.0,0.0,0.7,0.0,0.0,0.0,0.0,0.0,0.0,180.0,None,None,None
2025-11-07T22:19:49.127741,18.467,19.88,571.46,20.16,0.33,0.32,0.32,0.33,0.0,0.0,0.0,0.0,0.7,0.0,0.0,0.0,0.0,0.0,0.0,180.0,None,None,None
2025-11-07T22:19:49.128187,18.467,19.88,571.46,20.16,0.33,0.32,0.32,0.33,0.0,0.0,0.0,0.0,0.7,0.0,0.0,0.0,0.0,0.0,0.0,180.0,None,None,None
2025-11-07T22:19:49.128630,18.468,19.88,571.46,20.16,0.33,0.32,0.32,0.33,0.0,0.0,0.0,0.0,0.7,0.0,0.0,0.0,0.0,0.0,0.0,180.0,None,None,None
2025-11-07T22:19:49.130155,18.469,19.99,508.41,20.27,0.33,0.33,0.32,0.33,0.0,0.0,0.0,0.0,0.7,0.0,0.0,0.0,0.0,0.0,0.0,180.0,None,None,None
2025-11-07T22:19:49.130804,18.470,19.99,508.41,20.27,0.33,0.33,0.32,0.33,0.0,0.0,0.0,0.0,0.7,0.0,0.0,0.0,0.0,0.0,0.0,180.0,None,None,None
2025-11-07T22:19:49.131359,18.470,19.99,508.41,20.27,0.33,0.33,0.32,0.33,0.0,0.0,0.0,0.0,0.7,0.0,0.0,0.0,0.0,0.0,0.0,180.0,None,None,None
2025-11-07T22:19:49.132117,18.471,19.99,508.41,20.27,0.33,0.33,0.32,0.33,0.0,0.0,0.0,0.0,0.7,0.0,0.0,0.0,0.0,0.0,0.0,180.0,None,None,None
2025-11-07T22:19:49.132792,18.472,19.95,575.21,20.14,0.33,0.33,0.32,0.32,0.0,0.0,0.0,0.0,0.7,0.0,0.0,0.0,0.0,0.0,0.0,180.0,None,None,None
2025-11-07T22:19:49.133368,18.472,19.95,575.21,20.14,0.33,0.33,0.32,0.32,0.0,0.0,0.0,0.0,0.7,0.0,0.0,0.0,0.0,0.0,0.0,180.0,None,None,None
2025-11-07T22:19:49.134079,18.473,19.95,575.21,20.14,0.33,0.33,0.32,0.32,0.0,0.0,0.0,0.0,0.7,0.0,0.0,0.0,0.0,0.0,0.0,180.0,None,None,None
2025-11-07T22:19:49.134725,18.474,19.95,575.21,20.14,0.33,0.33,0.32,0.32,0.0,0.0,0.0,0.0,0.7,0.0,0.0,0.0,0.0,0.0,0.0,180.0,None,None,None
2025-11-07T22:19:49.135381,18.474,19.97,575.21,20.16,0.33,0.32,0.32,0.33,0.0,0.0,0.0,0.0,0.7,0.0,0.0,0.0,0.0,0.0,0.0,180.0,None,None,None
2025-11-07T22:19:49.137406,18.476,19.97,575.21,20.16,0.33,0.32,0.32,0.33,0.0,0.0,0.0,0.0,0.7,0.0,0.0,0.0,0.0,0.0,0.0,180.0,None,None,None
2025-11-07T22:19:49.704566,19.044,19.97,575.21,20.16,0.33,0.32,0.32,0.33,0.0,0.0,0.0,0.0,0.7,0.0,0.0,0.0,0.0,0.0,0.0,180.0,None,None,None
2025-11-07T22:19:49.705205,19.044,19.97,575.21,20.16,0.33,0.32,0.32,0.33,0.0,0.0,0.0,0.0,0.7,0.0,0.0,0.0,0.0,0.0,0.0,180.0,None,None,None
2025-11-07T22:19:49.705730,19.045,19.93,571.46,20.16,0.32,0.33,0.32,0.33,0.0,0.0,0.0,0.0,0.7,0.0,0.0,0.0,0.0,0.0,0.0,180.0,None,None,None
2025-11-07T22:19:49.706164,19.045,19.93,571.46,20.16,0.32,0.33,0.32,0.33,0.0,0.0,0.0,0.0,0.7,0.0,0.0,0.0,0.0,0.0,0.0,180.0,None,None,None
2025-11-07T22:19:49.706822,19.046,19.93,571.46,20.16,0.32,0.33,0.32,0.33,0.0,0.0,0.0,0.0,0.7,0.0,0.0,0.0,0.0,0.0,0.0,180.0,None,None,None
2025-11-07T22:19:49.707989,19.047,19.93,571.46,20.16,0.32,0.33,0.32,0.33,0.0,0.0,0.0,0.0,0.7,0.0,0.0,0.0,0.0,0.0,0.0,180.0,None,None,None
2025-11-07T22:19:49.708660,19.048,19.95,571.46,20.16,0.32,0.33,0.32,0.33,0.0,0.0,0.0,0.0,0.7,0.0,0.0,0.0,0.0,0.0,0.0,180.0,None,None,None
2025-11-07T22:19:49.709158,19.048,19.95,571.46,20.16,0.32,0.33,0.32,0.33,0.0,0.0,0.0,0.0,0.7,0.0,0.0,0.0,0.0,0.0,0.0,180.0,None,None,None
2025-11-07T22:19:49.709624,19.049,19.95,571.46,20.16,0.32,0.33,0.32,0.33,0.0,0.0,0.0,0.0,0.7,0.0,0.0,0.0,0.0,0.0,0.0,180.0,None,None,None
2025-11-07T22:19:49.710234,19.049,19.95,587.29,20.14,0.33,0.33,0.32,0.33,0.0,0.0,0.0,0.0,0.7,0.0,0.0,0.0,0.0,0.0,0.0,180.0,None,None,None
2025-11-07T22:19:49.710843,19.050,19.95,587.29,20.14,0.33,0.33,0.32,0.33,0.0,0.0,0.0,0.0,0.7,0.0,0.0,0.0,0.0,0.0,0.0,180.0,None,None,None
2025-11-07T22:19:49.711453,19.050,19.95,587.29,20.14,0.33,0.33,0.32,0.33,0.0,0.0,0.0,0.0,0.7,0.0,0.0,0.0,0.0,0.0,0.0,180.0,None,None,None
2025-11-07T22:19:50.280785,19.620,19.95,587.29,20.14,0.33,0.33,0.32,0.33,0.0,0.0,0.0,0.0,0.7,0.0,0.0,0.0,0.0,0.0,0.0,180.0,None,None,None
2025-11-07T22:19:50.281512,19.620,19.95,581.99,20.14,0.33,0.33,0.32,0.33,0.0,0.0,0.0,0.0,0.7,0.0,0.0,0.0,0.0,0.0,0.0,180.0,None,None,None
2025-11-07T22:19:50.282047,19.621,19.95,581.99,20.14,0.33,0.33,0.32,0.33,0.0,0.0,0.0,0.0,0.7,0.0,0.0,0.0,0.0,0.0,0.0,180.0,None,None,None
2025-11-07T22:19:50.283005,19.622,19.95,581.99,20.14,0.33,0.33,0.32,0.33,0.0,0.0,0.0,0.0,0.7,0.0,0.0,0.0,0.0,0.0,0.0,180.0,None,None,None
2025-11-07T22:19:50.284064,19.623,19.95,581.99,20.14,0.33,0.33,0.32,0.33,0.0,0.0,0.0,0.0,0.7,0.0,0.0,0.0,0.0,0.0,0.0,180.0,None,None,None
2025-11-07T22:19:50.284780,19.624,19.91,565.38,20.19,0.33,0.33,0.32,0.33,0.0,0.0,0.0,0.0,0.7,0.0,0.0,0.0,0.0,0.0,0.0,180.0,None,None,None
2025-11-07T22:19:50.285294,19.624,19.91,565.38,20.19,0.33,0.33,0.32,0.33,0.0,0.0,0.0,0.0,0.7,0.0,0.0,0.0,0.0,0.0,0.0,180.0,None,None,None
2025-11-07T22:19:50.285810,19.625,19.91,565.38,20.19,0.33,0.33,0.32,0.33,0.0,0.0,0.0,0.0,0.7,0.0,0.0,0.0,0.0,0.0,0.0,180.0,None,None,None
2025-11-07T22:19:50.286421,19.625,19.91,565.38,20.19,0.33,0.33,0.32,0.33,0.0,0.0,0.0,0.0,0.7,0.0,0.0,0.0,0.0,0.0,0.0,180.0,None,None,None
2025-11-07T22:19:50.286983,19.626,19.93,571.46,20.19,0.33,0.33,0.32,0.33,0.0,0.0,0.0,0.0,0.7,0.0,0.0,0.0,0.0,0.0,0.0,180.0,None,None,None
2025-11-07T22:19:50.287463,19.626,19.93,571.46,20.19,0.33,0.33,0.32,0.33,0.0,0.0,0.0,0.0,0.7,0.0,0.0,0.0,0.0,0.0,0.0,180.0,None,None,None
2025-11-07T22:19:50.287893,19.627,19.93,571.46,20.19,0.33,0.33,0.32,0.33,0.0,0.0,0.0,0.0,0.7,0.0,0.0,0.0,0.0,0.0,0.0,180.0,None,None,None
2025-11-07T22:19:50.288494,19.627,19.93,571.46,20.19,0.33,0.33,0.32,0.33,0.0,0.0,0.0,0.0,0.7,0.0,0.0,0.0,0.0,0.0,0.0,180.0,None,None,None
2025-11-07T22:19:50.289174,19.628,19.95,581.99,20.12,0.33,0.32,0.33,0.33,0.0,0.0,0.0,0.0,0.7,0.0,0.0,0.0,0.0,0.0,0.0,180.0,None,None,None
2025-11-07T22:19:50.290515,19.629,19.95,581.99,20.12,0.33,0.32,0.33,0.33,0.0,0.0,0.0,0.0,0.7,0.0,0.0,0.0,0.0,0.0,0.0,180.0,None,None,None
2025-11-07T22:19:50.799822,20.139,19.95,581.99,20.12,0.33,0.32,0.33,0.33,0.0,0.0,0.0,0.0,0.7,0.0,0.0,0.0,0.0,0.0,0.0,180.0,None,None,None
2025-11-07T22:19:50.800721,20.140,19.95,581.99,20.12,0.33,0.32,0.33,0.33,0.0,0.0,0.0,0.0,0.7,0.0,0.0,0.0,0.0,0.0,0.0,180.0,None,None,None
2025-11-07T22:19:50.801438,20.140,19.95,571.46,20.03,0.32,0.33,0.32,0.33,0.0,0.0,0.0,0.0,0.7,0.0,0.0,0.0,0.0,0.0,0.0,180.0,None,None,None
2025-11-07T22:19:50.802324,20.141,19.95,571.46,20.03,0.32,0.33,0.32,0.33,0.0,0.0,0.0,0.0,0.7,0.0,0.0,0.0,0.0,0.0,0.0,180.0,None,None,None
2025-11-07T22:19:50.802925,20.142,19.95,571.46,20.03,0.32,0.33,0.32,0.33,0.0,0.0,0.0,0.0,0.7,0.0,0.0,0.0,0.0,0.0,0.0,180.0,None,None,None
2025-11-07T22:19:50.803605,20.143,19.95,571.46,20.03,0.32,0.33,0.32,0.33,0.0,0.0,0.0,0.0,0.7,0.0,0.0,0.0,0.0,0.0,0.0,180.0,None,None,None
2025-11-07T22:19:50.804269,20.143,19.99,565.38,20.16,0.33,0.32,0.32,0.33,0.0,0.0,0.0,0.0,0.7,0.0,0.0,0.0,0.0,0.0,0.0,180.0,None,None,None
2025-11-07T22:19:50.804916,20.144,19.99,565.38,20.16,0.33,0.32,0.32,0.33,0.0,0.0,0.0,0.0,0.7,0.0,0.0,0.0,0.0,0.0,0.0,180.0,None,None,None
2025-11-07T22:19:50.805514,20.144,19.99,565.38,20.16,0.33,0.32,0.32,0.33,0.0,0.0,0.0,0.0,0.7,0.0,0.0,0.0,0.0,0.0,0.0,180.0,None,None,None
2025-11-07T22:19:50.806091,20.145,19.99,565.38,20.16,0.33,0.32,0.32,0.33,0.0,0.0,0.0,0.0,0.7,0.0,0.0,0.0,0.0,0.0,0.0,180.0,None,None,None
2025-11-07T22:19:50.806683,20.146,19.93,565.38,20.19,0.33,0.33,0.32,0.33,0.0,0.0,0.0,0.0,0.7,0.0,0.0,0.0,0.0,0.0,0.0,180.0,None,None,None
2025-11-07T22:19:50.807267,20.146,19.93,565.38,20.19,0.33,0.33,0.32,0.33,0.0,0.0,0.0,0.0,0.7,0.0,0.0,0.0,0.0,0.0,0.0,180.0,None,None,None
2025-11-07T22:19:51.313899,20.653,19.93,565.38,20.19,0.33,0.33,0.32,0.33,0.0,0.0,0.0,0.0,0.7,0.0,0.0,0.0,0.0,0.0,0.0,180.0,None,None,None
2025-11-07T22:19:51.314579,20.654,19.93,565.38,20.19,0.33,0.33,0.32,0.33,0.0,0.0,0.0,0.0,0.7,0.0,0.0,0.0,0.0,0.0,0.0,180.0,None,None,None
2025-11-07T22:19:51.322314,20.661,19.95,577.97,20.16,0.33,0.32,0.32,0.33,0.0,0.0,0.0,0.0,0.7,0.0,0.0,0.0,0.0,0.0,0.0,180.0,None,None,None
2025-11-07T22:19:51.323149,20.662,19.95,577.97,20.16,0.33,0.32,0.32,0.33,0.0,0.0,0.0,0.0,0.7,0.0,0.0,0.0,0.0,0.0,0.0,180.0,None,None,None
2025-11-07T22:19:51.324080,20.663,19.95,577.97,20.16,0.33,0.32,0.32,0.33,0.0,0.0,0.0,0.0,0.7,0.0,0.0,0.0,0.0,0.0,0.0,180.0,None,None,None
2025-11-07T22:19:51.325925,20.665,19.95,577.97,20.16,0.33,0.32,0.32,0.33,0.0,0.0,0.0,0.0,0.7,0.0,0.0,0.0,0.0,0.0,0.0,180.0,None,None,None
2025-11-07T22:19:51.327006,20.666,19.95,575.21,20.29,0.32,0.33,0.32,0.33,0.0,0.0,0.0,0.0,0.7,0.0,0.0,0.0,0.0,0.0,0.0,180.0,None,None,None
2025-11-07T22:19:51.327822,20.667,19.95,575.21,20.29,0.32,0.33,0.32,0.33,0.0,0.0,0.0,0.0,0.7,0.0,0.0,0.0,0.0,0.0,0.0,180.0,None,None,None
2025-11-07T22:19:51.328548,20.667,19.95,575.21,20.29,0.32,0.33,0.32,0.33,0.0,0.0,0.0,0.0,0.7,0.0,0.0,0.0,0.0,0.0,0.0,180.0,None,None,None
2025-11-07T22:19:51.329203,20.668,19.95,575.21,20.29,0.32,0.33,0.32,0.33,0.0,0.0,0.0,0.0,0.7,0.0,0.0,0.0,0.0,0.0,0.0,180.0,None,None,None
2025-11-07T22:19:51.329913,20.669,19.88,571.46,20.16,0.33,0.32,0.32,0.33,0.0,0.0,0.0,0.0,0.7,0.0,0.0,0.0,0.0,0.0,0.0,180.0,None,None,None
2025-11-07T22:19:51.330567,20.670,19.88,571.46,20.16,0.33,0.32,0.32,0.33,0.0,0.0,0.0,0.0,0.7,0.0,0.0,0.0,0.0,0.0,0.0,180.0,None,None,None
2025-11-07T22:19:51.331217,20.670,19.88,571.46,20.16,0.33,0.32,0.32,0.33,0.0,0.0,0.0,0.0,0.7,0.0,0.0,0.0,0.0,0.0,0.0,180.0,None,None,None
2025-11-07T22:19:51.333092,20.672,19.88,571.46,20.16,0.33,0.32,0.32,0.33,0.0,0.0,0.0,0.0,0.7,0.0,0.0,0.0,0.0,0.0,0.0,180.0,None,None,None
2025-11-07T22:19:51.845787,21.185,19.95,565.38,20.12,0.33,0.32,0.32,0.33,0.0,0.0,0.0,0.0,0.7,0.0,0.0,0.0,0.0,0.0,0.0,180.0,None,None,None
2025-11-07T22:19:51.847056,21.186,19.95,565.38,20.12,0.33,0.32,0.32,0.33,0.0,0.0,0.0,0.0,0.7,0.0,0.0,0.0,0.0,0.0,0.0,180.0,None,None,None
2025-11-07T22:19:51.847812,21.187,19.95,565.38,20.12,0.33,0.32,0.32,0.33,0.0,0.0,0.0,0.0,0.7,0.0,0.0,0.0,0.0,0.0,0.0,180.0,None,None,None
2025-11-07T22:19:51.848505,21.187,19.95,565.38,20.12,0.33,0.32,0.32,0.33,0.0,0.0,0.0,0.0,0.7,0.0,0.0,0.0,0.0,0.0,0.0,180.0,None,None,None
2025-11-07T22:19:51.849244,21.188,19.95,565.38,20.16,0.33,0.32,0.32,0.33,0.0,0.0,0.0,0.0,0.7,0.0,0.0,0.0,0.0,0.0,0.0,180.0,None,None,None
2025-11-07T22:19:51.849989,21.189,19.95,565.38,20.16,0.33,0.32,0.32,0.33,0.0,0.0,0.0,0.0,0.7,0.0,0.0,0.0,0.0,0.0,0.0,180.0,None,None,None
2025-11-07T22:19:51.850765,21.190,19.95,565.38,20.16,0.33,0.32,0.32,0.33,0.0,0.0,0.0,0.0,0.7,0.0,0.0,0.0,0.0,0.0,0.0,180.0,None,None,None
2025-11-07T22:19:51.851527,21.190,19.95,565.38,20.16,0.33,0.32,0.32,0.33,0.0,0.0,0.0,0.0,0.7,0.0,0.0,0.0,0.0,0.0,0.0,180.0,None,None,None
2025-11-07T22:19:51.852293,21.191,19.97,575.21,20.14,0.33,0.32,0.32,0.33,0.0,0.0,0.0,0.0,0.7,0.0,0.0,0.0,0.0,0.0,0.0,180.0,None,None,None
2025-11-07T22:19:51.852840,21.192,19.97,575.21,20.14,0.33,0.32,0.32,0.33,0.0,0.0,0.0,0.0,0.7,0.0,0.0,0.0,0.0,0.0,0.0,180.0,None,None,None
2025-11-07T22:19:51.853550,21.192,19.97,575.21,20.14,0.33,0.32,0.32,0.33,0.0,0.0,0.0,0.0,0.7,0.0,0.0,0.0,0.0,0.0,0.0,180.0,None,None,None
2025-11-07T22:19:52.486200,21.825,19.97,575.21,20.14,0.33,0.32,0.32,0.33,0.0,0.0,0.0,0.0,0.7,0.0,0.0,0.0,0.0,0.0,0.0,180.0,None,None,None
2025-11-07T22:19:52.487034,21.826,19.99,575.21,20.19,0.33,0.32,0.32,0.33,0.0,0.0,0.0,0.0,0.7,0.0,0.0,0.0,0.0,0.0,0.0,180.0,None,None,None
2025-11-07T22:19:52.487600,21.827,19.99,575.21,20.19,0.33,0.32,0.32,0.33,0.0,0.0,0.0,0.0,0.7,0.0,0.0,0.0,0.0,0.0,0.0,180.0,None,None,None
2025-11-07T22:19:52.488125,21.827,19.99,575.21,20.19,0.33,0.32,0.32,0.33,0.0,0.0,0.0,0.0,0.7,0.0,0.0,0.0,0.0,0.0,0.0,180.0,None,None,None
2025-11-07T22:19:52.488619,21.828,19.99,575.21,20.19,0.33,0.32,0.32,0.33,0.0,0.0,0.0,0.0,0.7,0.0,0.0,0.0,0.0,0.0,0.0,180.0,None,None,None
2025-11-07T22:19:52.489155,21.828,19.93,565.38,20.19,0.33,0.32,0.33,0.33,0.0,0.0,0.0,0.0,0.7,0.0,0.0,0.0,0.0,0.0,0.0,180.0,None,None,None
2025-11-07T22:19:52.489646,21.829,19.93,565.38,20.19,0.33,0.32,0.33,0.33,0.0,0.0,0.0,0.0,0.7,0.0,0.0,0.0,0.0,0.0,0.0,180.0,None,None,None
2025-11-07T22:19:52.490132,21.829,19.93,565.38,20.19,0.33,0.32,0.33,0.33,0.0,0.0,0.0,0.0,0.7,0.0,0.0,0.0,0.0,0.0,0.0,180.0,None,None,None
2025-11-07T22:19:52.490624,21.830,19.93,565.38,20.19,0.33,0.32,0.33,0.33,0.0,0.0,0.0,0.0,0.7,0.0,0.0,0.0,0.0,0.0,0.0,180.0,None,None,None
2025-11-07T22:19:52.491324,21.830,19.97,508.41,20.14,0.33,0.32,0.32,0.33,0.0,0.0,0.0,0.0,0.7,0.0,0.0,0.0,0.0,0.0,0.0,180.0,None,None,None
2025-11-07T22:19:52.492046,21.831,19.97,508.41,20.14,0.33,0.32,0.32,0.33,0.0,0.0,0.0,0.0,0.7,0.0,0.0,0.0,0.0,0.0,0.0,180.0,None,None,None
2025-11-07T22:19:52.492857,21.832,19.97,508.41,20.14,0.33,0.32,0.32,0.33,0.0,0.0,0.0,0.0,0.7,0.0,0.0,0.0,0.0,0.0,0.0,180.0,None,None,None
2025-11-07T22:19:52.493533,21.832,19.97,508.41,20.14,0.33,0.32,0.32,0.33,0.0,0.0,0.0,0.0,0.7,0.0,0.0,0.0,0.0,0.0,0.0,180.0,None,None,None
2025-11-07T22:19:52.494239,21.833,19.95,565.38,20.21,0.33,0.33,0.32,0.33,0.0,0.0,0.0,0.0,0.7,0.0,0.0,0.0,0.0,0.0,0.0,180.0,None,None,None
2025-11-07T22:19:52.494903,21.834,19.95,565.38,20.21,0.33,0.33,0.32,0.33,0.0,0.0,0.0,0.0,0.7,0.0,0.0,0.0,0.0,0.0,0.0,180.0,None,None,None
2025-11-07T22:19:53.000242,22.339,19.95,565.38,20.21,0.33,0.33,0.32,0.33,0.0,0.0,0.0,0.0,0.7,0.0,0.0,0.0,0.0,0.0,0.0,180.0,None,None,None
2025-11-07T22:19:53.001197,22.340,19.95,565.38,20.21,0.33,0.33,0.32,0.33,0.0,0.0,0.0,0.0,0.7,0.0,0.0,0.0,0.0,0.0,0.0,180.0,None,None,None
2025-11-07T22:19:53.001856,22.341,19.93,571.46,20.16,0.32,0.33,0.33,0.33,0.0,0.0,0.0,0.0,0.7,0.0,0.0,0.0,0.0,0.0,0.0,180.0,None,None,None
2025-11-07T22:19:53.002443,22.341,19.93,571.46,20.16,0.32,0.33,0.33,0.33,0.0,0.0,0.0,0.0,0.7,0.0,0.0,0.0,0.0,0.0,0.0,180.0,None,None,None
2025-11-07T22:19:53.002993,22.342,19.93,571.46,20.16,0.32,0.33,0.33,0.33,0.0,0.0,0.0,0.0,0.7,0.0,0.0,0.0,0.0,0.0,0.0,180.0,None,None,None
2025-11-07T22:19:53.003606,22.343,19.93,565.38,20.16,0.32,0.33,0.32,0.33,0.0,0.0,0.0,0.0,0.7,0.0,0.0,0.0,0.0,0.0,0.0,180.0,None,None,None
2025-11-07T22:19:53.004112,22.343,19.93,565.38,20.16,0.32,0.33,0.32,0.33,0.0,0.0,0.0,0.0,0.7,0.0,0.0,0.0,0.0,0.0,0.0,180.0,None,None,None
2025-11-07T22:19:53.004673,22.344,19.93,565.38,20.16,0.32,0.33,0.32,0.33,0.0,0.0,0.0,0.0,0.7,0.0,0.0,0.0,0.0,0.0,0.0,180.0,None,None,None
2025-11-07T22:19:53.005291,22.344,19.93,565.38,20.16,0.32,0.33,0.32,0.33,0.0,0.0,0.0,0.0,0.7,0.0,0.0,0.0,0.0,0.0,0.0,180.0,None,None,None
2025-11-07T22:19:53.005967,22.345,19.95,577.97,20.16,0.33,0.33,0.33,0.33,0.0,0.0,0.0,0.0,0.7,0.0,0.0,0.0,0.0,0.0,0.0,180.0,None,None,None
2025-11-07T22:19:53.006570,22.346,19.95,577.97,20.16,0.33,0.33,0.33,0.33,0.0,0.0,0.0,0.0,0.7,0.0,0.0,0.0,0.0,0.0,0.0,180.0,None,None,None
2025-11-07T22:19:53.007113,22.346,19.95,577.97,20.16,0.33,0.33,0.33,0.33,0.0,0.0,0.0,0.0,0.7,0.0,0.0,0.0,0.0,0.0,0.0,180.0,None,None,None
2025-11-07T22:19:53.507201,22.846,19.95,577.97,20.16,0.33,0.33,0.33,0.33,0.0,0.0,0.0,0.0,0.7,0.0,0.0,0.0,0.0,0.0,0.0,180.0,None,None,None
2025-11-07T22:19:53.507958,22.847,19.97,571.46,20.14,0.32,0.33,0.32,0.33,0.0,0.0,0.0,0.0,0.7,0.0,0.0,0.0,0.0,0.0,0.0,180.0,None,None,None
2025-11-07T22:19:53.508507,22.847,19.97,571.46,20.14,0.32,0.33,0.32,0.33,0.0,0.0,0.0,0.0,0.7,0.0,0.0,0.0,0.0,0.0,0.0,180.0,None,None,None
2025-11-07T22:19:53.509008,22.848,19.97,571.46,20.14,0.32,0.33,0.32,0.33,0.0,0.0,0.0,0.0,0.7,0.0,0.0,0.0,0.0,0.0,0.0,180.0,None,None,None
2025-11-07T22:19:53.509518,22.848,19.97,571.46,20.14,0.32,0.33,0.32,0.33,0.0,0.0,0.0,0.0,0.7,0.0,0.0,0.0,0.0,0.0,0.0,180.0,None,None,None
2025-11-07T22:19:53.510004,22.849,19.97,508.41,20.14,0.32,0.33,0.32,0.33,0.0,0.0,0.0,0.0,0.7,0.0,0.0,0.0,0.0,0.0,0.0,180.0,None,None,None
2025-11-07T22:19:53.510564,22.850,19.97,508.41,20.14,0.32,0.33,0.32,0.33,0.0,0.0,0.0,0.0,0.7,0.0,0.0,0.0,0.0,0.0,0.0,180.0,None,None,None
2025-11-07T22:19:53.511039,22.850,19.97,508.41,20.14,0.32,0.33,0.32,0.33,0.0,0.0,0.0,0.0,0.7,0.0,0.0,0.0,0.0,0.0,0.0,180.0,None,None,None
2025-11-07T22:19:53.511505,22.850,19.97,508.41,20.14,0.32,0.33,0.32,0.33,0.0,0.0,0.0,0.0,0.7,0.0,0.0,0.0,0.0,0.0,0.0,180.0,None,None,None
2025-11-07T22:19:53.512229,22.851,19.97,577.97,20.16,0.32,0.33,0.32,0.33,0.0,0.0,0.0,0.0,0.7,0.0,0.0,0.0,0.0,0.0,0.0,180.0,None,None,None
2025-11-07T22:19:53.512847,22.852,19.97,577.97,20.16,0.32,0.33,0.32,0.33,0.0,0.0,0.0,0.0,0.7,0.0,0.0,0.0,0.0,0.0,0.0,180.0,None,None,None
2025-11-07T22:19:53.513644,22.853,19.97,577.97,20.16,0.32,0.33,0.32,0.33,0.0,0.0,0.0,0.0,0.7,0.0,0.0,0.0,0.0,0.0,0.0,180.0,None,None,None
2025-11-07T22:19:53.960572,23.300,19.97,577.97,20.16,0.32,0.33,0.32,0.33,0.0,0.0,0.0,0.0,0.7,0.0,0.0,0.0,0.0,0.0,0.0,180.0,None,None,None
2025-11-07T22:19:53.961516,23.300,19.91,565.38,20.19,0.32,0.33,0.32,0.33,0.0,0.0,0.0,0.0,0.7,0.0,0.0,0.0,0.0,0.0,0.0,180.0,None,None,None
2025-11-07T22:19:53.962329,23.301,19.91,565.38,20.19,0.32,0.33,0.32,0.33,0.0,0.0,0.0,0.0,0.7,0.0,0.0,0.0,0.0,0.0,0.0,180.0,None,None,None
2025-11-07T22:19:53.963069,23.302,19.91,565.38,20.19,0.32,0.33,0.32,0.33,0.0,0.0,0.0,0.0,0.7,0.0,0.0,0.0,0.0,0.0,0.0,180.0,None,None,None
2025-11-07T22:19:53.963818,23.303,19.91,565.38,20.19,0.32,0.33,0.32,0.33,0.0,0.0,0.0,0.0,0.7,0.0,0.0,0.0,0.0,0.0,0.0,180.0,None,None,None
2025-11-07T22:19:53.964359,23.303,19.93,565.38,20.12,0.33,0.32,0.32,0.33,0.0,0.0,0.0,0.0,0.7,0.0,0.0,0.0,0.0,0.0,0.0,180.0,None,None,None
2025-11-07T22:19:53.964849,23.304,19.93,565.38,20.12,0.33,0.32,0.32,0.33,0.0,0.0,0.0,0.0,0.7,0.0,0.0,0.0,0.0,0.0,0.0,180.0,None,None,None
2025-11-07T22:19:53.965316,23.304,19.93,565.38,20.12,0.33,0.32,0.32,0.33,0.0,0.0,0.0,0.0,0.7,0.0,0.0,0.0,0.0,0.0,0.0,180.0,None,None,None
2025-11-07T22:19:53.965795,23.305,19.93,565.38,20.12,0.33,0.32,0.32,0.33,0.0,0.0,0.0,0.0,0.7,0.0,0.0,0.0,0.0,0.0,0.0,180.0,None,None,None
2025-11-07T22:19:53.966471,23.305,19.97,565.38,20.12,0.32,0.33,0.33,0.33,0.0,0.0,0.0,0.0,0.7,0.0,0.0,0.0,0.0,0.0,0.0,180.0,None,None,None
2025-11-07T22:19:53.967149,23.306,19.97,565.38,20.12,0.32,0.33,0.33,0.33,0.0,0.0,0.0,0.0,0.7,0.0,0.0,0.0,0.0,0.0,0.0,180.0,None,None,None
2025-11-07T22:19:53.968277,23.307,19.97,565.38,20.12,0.32,0.33,0.33,0.33,0.0,0.0,0.0,0.0,0.7,0.0,0.0,0.0,0.0,0.0,0.0,180.0,None,None,None
2025-11-07T22:19:54.429636,23.769,19.97,565.38,20.12,0.32,0.33,0.33,0.33,0.0,0.0,0.0,0.0,0.7,0.0,0.0,0.0,0.0,0.0,0.0,180.0,None,None,None
2025-11-07T22:19:54.430520,23.769,19.97,565.38,20.14,0.33,0.33,0.32,0.33,0.0,0.0,0.0,0.0,0.7,0.0,0.0,0.0,0.0,0.0,0.0,180.0,None,None,None
2025-11-07T22:19:54.431127,23.770,19.97,565.38,20.14,0.33,0.33,0.32,0.33,0.0,0.0,0.0,0.0,0.7,0.0,0.0,0.0,0.0,0.0,0.0,180.0,None,None,None
2025-11-07T22:19:54.431945,23.771,19.97,565.38,20.14,0.33,0.33,0.32,0.33,0.0,0.0,0.0,0.0,0.7,0.0,0.0,0.0,0.0,0.0,0.0,180.0,None,None,None
2025-11-07T22:19:54.432669,23.772,19.97,565.38,20.14,0.33,0.33,0.32,0.33,0.0,0.0,0.0,0.0,0.7,0.0,0.0,0.0,0.0,0.0,0.0,180.0,None,None,None
2025-11-07T22:19:54.433431,23.772,19.95,571.46,20.12,0.33,0.32,0.32,0.33,0.0,0.0,0.0,0.0,0.7,0.0,0.0,0.0,0.0,0.0,0.0,180.0,None,None,None
2025-11-07T22:19:54.434123,23.773,19.95,571.46,20.12,0.33,0.32,0.32,0.33,0.0,0.0,0.0,0.0,0.7,0.0,0.0,0.0,0.0,0.0,0.0,180.0,None,None,None
2025-11-07T22:19:54.434814,23.774,19.95,571.46,20.12,0.33,0.32,0.32,0.33,0.0,0.0,0.0,0.0,0.7,0.0,0.0,0.0,0.0,0.0,0.0,180.0,None,None,None
2025-11-07T22:19:54.435503,23.774,19.95,571.46,20.12,0.33,0.32,0.32,0.33,0.0,0.0,0.0,0.0,0.7,0.0,0.0,0.0,0.0,0.0,0.0,180.0,None,None,None
2025-11-07T22:19:54.437462,23.776,19.97,575.21,20.14,0.32,0.33,0.32,0.33,0.0,0.0,0.0,0.0,0.7,0.0,0.0,0.0,0.0,0.0,0.0,180.0,None,None,None
2025-11-07T22:19:54.438325,23.777,19.97,575.21,20.14,0.32,0.33,0.32,0.33,0.0,0.0,0.0,0.0,0.7,0.0,0.0,0.0,0.0,0.0,0.0,180.0,None,None,None
2025-11-07T22:19:54.439152,23.778,19.97,575.21,20.14,0.32,0.33,0.32,0.33,0.0,0.0,0.0,0.0,0.7,0.0,0.0,0.0,0.0,0.0,0.0,180.0,None,None,None
2025-11-07T22:19:54.890632,24.230,19.97,575.21,20.14,0.32,0.33,0.32,0.33,0.0,0.0,0.0,0.0,0.7,0.0,0.0,0.0,0.0,0.0,0.0,180.0,None,None,None
2025-11-07T22:19:54.891759,24.231,19.95,565.38,20.14,0.33,0.32,0.32,0.33,0.0,0.0,0.0,0.0,0.7,0.0,0.0,0.0,0.0,0.0,0.0,180.0,None,None,None
2025-11-07T22:19:54.892534,24.231,19.95,565.38,20.14,0.33,0.32,0.32,0.33,0.0,0.0,0.0,0.0,0.7,0.0,0.0,0.0,0.0,0.0,0.0,180.0,None,None,None
2025-11-07T22:19:54.893090,24.232,19.95,565.38,20.14,0.33,0.32,0.32,0.33,0.0,0.0,0.0,0.0,0.7,0.0,0.0,0.0,0.0,0.0,0.0,180.0,None,None,None
2025-11-07T22:19:54.893613,24.233,19.95,565.38,20.14,0.33,0.32,0.32,0.33,0.0,0.0,0.0,0.0,0.7,0.0,0.0,0.0,0.0,0.0,0.0,180.0,None,None,None
2025-11-07T22:19:54.894146,24.233,19.95,571.46,20.16,0.33,0.33,0.32,0.33,0.0,0.0,0.0,0.0,0.7,0.0,0.0,0.0,0.0,0.0,0.0,180.0,None,None,None
2025-11-07T22:19:54.894652,24.234,19.95,571.46,20.16,0.33,0.33,0.32,0.33,0.0,0.0,0.0,0.0,0.7,0.0,0.0,0.0,0.0,0.0,0.0,180.0,None,None,None
2025-11-07T22:19:54.895142,24.234,19.95,571.46,20.16,0.33,0.33,0.32,0.33,0.0,0.0,0.0,0.0,0.7,0.0,0.0,0.0,0.0,0.0,0.0,180.0,None,None,None
2025-11-07T22:19:54.895650,24.235,19.95,571.46,20.16,0.33,0.33,0.32,0.33,0.0,0.0,0.0,0.0,0.7,0.0,0.0,0.0,0.0,0.0,0.0,180.0,None,None,None
2025-11-07T22:19:54.896368,24.235,19.97,571.46,20.19,0.33,0.32,0.32,0.33,0.0,0.0,0.0,0.0,0.7,0.0,0.0,0.0,0.0,0.0,0.0,180.0,None,None,None
