Timestamp,Elapsed_Time_s,Temp1,Temp2,Temp3,Volt1,Volt2,Volt3,Volt4,Actual_rdr_deg,Set_rdr_deg,IMU_roll,IMU_pitch,IMU_integral,IMU_derivative,IMU_heading,Desired_heading,Data_wind_spd,Data_wind_dir
2025-11-08T03:17:14.279322,5.143,,,,,,,,6.67,6.0,0.0,0.0,-10000.0,0.0,180.0,,,
2025-11-08T03:17:14.683640,5.547,20.14,571.46,20.31,3.24,3.23,3.23,3.25,6.67,6.0,0.0,0.0,-10000.0,0.0,180.0,,0.0,319.0
2025-11-08T03:17:15.258402,6.122,20.14,571.46,20.31,3.24,3.22,3.23,3.25,6.67,6.0,0.0,0.0,-10000.0,0.0,180.0,,0.0,299.0
2025-11-08T03:17:15.722197,6.586,20.14,565.38,20.34,3.23,3.24,3.21,3.27,6.67,6.0,0.0,0.0,-10000.0,0.0,180.0,,0.0,299.0
2025-11-08T03:17:16.009316,6.873,20.1,508.41,20.34,3.23,3.23,3.23,3.25,6.67,6.0,0.0,0.0,-10000.0,0.0,180.0,,0.0,139.0
2025-11-08T03:17:16.320713,7.184,20.14,565.38,20.31,3.24,3.23,3.22,3.26,6.67,6.0,0.0,0.0,-10000.0,0.0,180.0,,0.0,319.0
2025-11-08T03:17:16.689809,7.553,20.12,508.41,20.31,3.23,3.23,3.23,3.27,6.67,6.0,0.0,0.0,-10000.0,0.0,180.0,,0.0,272.0
2025-11-08T03:17:16.987484,7.851,19.8,565.38,20.31,3.24,3.23,3.22,3.28,6.67,6.0,0.0,0.0,-10000.0,0.0,180.0,,0.0,272.0
2025-11-08T03:17:17.285489,8.149,20.12,508.41,20.36,3.23,3.23,3.26,3.23,6.67,6.0,0.0,0.0,-10000.0,0.0,180.0,,0.0,299.0
2025-11-08T03:17:17.591135,8.455,20.16,565.38,20.34,3.23,3.24,3.22,3.26,6.67,6.0,0.0,0.0,-10000.0,0.0,180.0,,0.0,228.0
2025-11-08T03:17:17.886210,8.750,20.14,571.46,20.34,3.23,3.23,3.23,3.26,6.67,6.0,0.0,0.0,-10000.0,0.0,180.0,,0.0,94.0
2025-11-08T03:17:18.189713,9.053,20.16,575.21,20.36,3.24,3.22,3.23,3.27,6.67,6.0,0.0,0.0,-10000.0,0.0,180.0,,0.0,94.0
2025-11-08T03:17:18.454822,9.318,20.16,565.38,20.34,3.24,3.23,3.23,3.27,6.67,6.0,0.0,0.0,-10000.0,0.0,180.0,,0.0,228.0
2025-11-08T03:17:18.719090,9.582,20.12,565.38,20.34,3.23,3.23,3.23,3.27,6.67,6.0,0.0,0.0,-10000.0,0.0,180.0,,0.0,319.0
2025-11-08T03:17:18.982953,9.846,20.16,571.46,20.36,3.24,3.23,3.23,3.26,6.67,6.0,0.0,0.0,-10000.0,0.0,180.0,,0.0,319.0
2025-11-08T03:17:19.251452,10.115,20.14,508.41,20.31,3.24,3.23,3.23,3.26,6.67,6.0,0.0,0.0,-10000.0,0.0,180.0,,0.0,319.0
2025-11-08T03:17:19.529927,10.393,20.08,565.38,20.34,3.24,3.22,3.23,3.27,6.67,6.0,0.0,0.0,-10000.0,0.0,180.0,,0.0,272.0
2025-11-08T03:17:19.808754,10.672,20.16,565.38,20.34,3.23,3.24,3.23,3.25,6.67,6.0,0.0,0.0,-10000.0,0.0,180.0,,0.0,272.0
2025-11-08T03:17:20.089642,10.953,20.16,565.38,20.38,3.24,3.23,3.23,3.26,6.67,6.0,0.0,0.0,-10000.0,0.0,180.0,,0.0,319.0
2025-11-08T03:17:20.363657,11.227,20.14,596.08,20.31,3.23,3.23,3.22,3.27,6.67,6.0,0.0,0.0,-10000.0,0.0,180.0,,0.0,272.0
2025-11-08T03:17:20.635680,11.499,20.16,565.38,20.34,3.24,3.23,3.22,3.27,6.67,6.0,0.0,0.0,-10000.0,0.0,180.0,,0.0,272.0
2025-11-08T03:17:20.907138,11.771,20.12,565.38,20.36,3.24,3.23,3.23,3.26,6.67,6.0,0.0,0.0,-10000.0,0.0,180.0,,0.0,319.0
2025-11-08T03:17:21.183132,12.047,20.12,508.41,20.34,3.24,3.22,3.24,3.26,6.67,6.0,0.0,0.0,-10000.0,0.0,180.0,,0.0,319.0
2025-11-08T03:17:21.467201,12.331,20.12,571.46,20.44,3.24,3.23,3.22,3.27,6.67,6.0,0.0,0.0,-10000.0,0.0,180.0,,0.0,2.0
2025-11-08T03:17:21.752923,12.616,20.14,565.38,20.31,3.24,3.23,3.22,3.27,6.67,6.0,0.0,0.0,-10000.0,0.0,180.0,,0.0,319.0
2025-11-08T03:17:22.037564,12.901,20.14,571.46,20.34,3.23,3.23,3.22,3.23,6.67,6.0,0.0,0.0,-10000.0,0.0,180.0,,0.0,181.0
2025-11-08T03:17:22.318399,13.182,20.12,565.38,20.34,3.24,3.23,3.23,3.25,6.67,6.0,0.0,0.0,-10000.0,0.0,180.0,,0.0,47.0
2025-11-08T03:17:22.600451,13.464,20.14,508.41,20.38,3.23,3.24,3.22,3.27,6.67,6.0,0.0,0.0,-10000.0,0.0,180.0,,0.0,2.0
2025-11-08T03:17:22.882480,13.746,20.14,571.46,20.31,3.23,3.23,3.23,3.27,6.67,6.0,0.0,0.0,-10000.0,0.0,180.0,,0.0,2.0
2025-11-08T03:17:23.167776,14.031,20.14,565.38,20.34,3.23,3.24,3.23,3.26,6.67,6.0,0.0,0.0,-10000.0,0.0,180.0,,0.0,47.0
2025-11-08T03:17:23.461896,14.325,20.19,565.38,20.38,3.24,3.23,3.23,3.27,6.67,6.0,0.0,0.0,-10000.0,0.0,180.0,,0.0,272.0
2025-11-08T03:17:23.754314,14.618,20.12,571.46,20.34,3.24,3.21,3.23,3.27,6.67,6.0,0.0,0.0,-10000.0,0.0,180.0,,0.0,319.0
2025-11-08T03:17:24.051107,14.915,20.14,508.41,20.31,3.23,3.23,3.23,3.27,6.67,6.0,0.0,0.0,-10000.0,0.0,180.0,,0.0,139.0
2025-11-08T03:17:24.340557,15.204,20.12,571.46,20.38,3.23,3.23,3.23,3.27,6.67,6.0,0.0,0.0,-10000.0,0.0,180.0,,0.0,139.0
2025-11-08T03:17:24.630284,15.494,20.14,565.38,20.34,3.25,3.22,3.23,3.26,6.67,6.0,0.0,0.0,-10000.0,0.0,180.0,,0.0,139.0
2025-11-08T03:17:24.919097,15.782,20.14,575.21,20.34,3.3,3.16,3.23,3.22,6.67,6.0,0.0,0.0,-10000.0,0.0,180.0,,0.0,181.0
2025-11-08T03:17:25.210864,16.074,20.14,580.16,20.36,3.21,3.26,3.23,3.26,6.67,6.0,0.0,0.0,-10000.0,0.0,180.0,,0.0,181.0
2025-11-08T03:17:25.509749,16.373,20.14,565.38,20.38,3.24,3.23,3.23,3.27,6.67,6.0,0.0,0.0,-10000.0,0.0,180.0,,0.0,181.0
2025-11-08T03:17:25.808641,16.672,20.12,571.46,20.34,3.24,3.23,3.22,3.27,6.67,6.0,0.0,0.0,-10000.0,0.0,180.0,,0.0,94.0
2025-11-08T03:17:26.108981,16.972,20.1,571.46,20.36,3.24,3.23,3.23,3.26,6.67,6.0,0.0,0.0,-10000.0,0.0,180.0,,0.0,47.0
2025-11-08T03:17:26.406692,17.270,20.16,508.41,20.47,3.23,3.25,3.21,3.26,6.67,6.0,0.0,0.0,-10000.0,0.0,180.0,,0.0,2.0
2025-11-08T03:17:26.702303,17.566,20.12,580.16,20.36,3.21,3.26,3.23,3.26,6.67,6.0,0.0,0.0,-10000.0,0.0,180.0,,0.0,47.0
2025-11-08T03:17:26.999482,17.863,20.14,575.21,20.34,3.23,3.24,3.23,3.26,6.67,6.0,0.0,0.0,-10000.0,0.0,180.0,,0.0,2.0
2025-11-08T03:17:27.299095,18.162,20.16,565.38,20.34,3.23,3.24,3.23,3.26,6.67,6.0,0.0,0.0,-10000.0,0.0,180.0,,0.0,319.0
2025-11-08T03:17:27.595782,18.459,20.12,565.38,20.38,3.23,3.24,3.23,3.27,6.67,6.0,0.0,0.0,-10000.0,0.0,180.0,,0.0,2.0
2025-11-08T03:17:27.887582,18.751,20.19,508.41,20.38,3.24,3.23,3.23,3.27,6.67,6.0,0.0,0.0,-10000.0,0.0,180.0,,0.0,94.0
2025-11-08T03:17:28.184162,19.048,20.12,571.46,20.34,3.24,3.23,3.23,3.25,6.67,6.0,0.0,0.0,-10000.0,0.0,180.0,,0.0,94.0
2025-11-08T03:17:28.476553,19.340,20.14,565.38,20.27,3.24,3.23,3.23,3.27,6.67,6.0,0.0,0.0,-10000.0,0.0,180.0,,0.0,94.0
2025-11-08T03:17:28.768679,19.632,20.12,508.41,20.34,3.28,3.19,3.22,3.28,6.67,6.0,0.0,0.0,-10000.0,0.0,180.0,,0.0,319.0
2025-11-08T03:17:29.062477,19.926,20.14,565.38,20.38,3.23,3.23,3.23,3.27,6.67,6.0,0.0,0.0,-10000.0,0.0,180.0,,0.0,94.0
2025-11-08T03:17:29.353042,20.216,20.1,577.97,20.34,3.23,3.23,3.23,3.26,6.67,6.0,0.0,0.0,-10000.0,0.0,180.0,,0.0,94.0
2025-11-08T03:17:29.653891,20.517,20.14,577.97,20.34,3.24,3.22,3.23,3.26,6.67,6.0,0.0,0.0,-10000.0,0.0,180.0,,0.0,93.0
2025-11-08T03:17:29.957839,20.821,20.14,565.38,20.38,3.23,3.24,3.21,3.27,6.67,6.0,0.0,0.0,-10000.0,0.0,180.0,,0.0,47.0
2025-11-08T03:17:30.262581,21.126,20.14,565.38,20.36,3.23,3.24,3.18,3.31,6.67,6.0,0.0,0.0,-10000.0,0.0,180.0,,0.0,228.0
2025-11-08T03:17:30.561570,21.425,20.12,571.46,20.47,3.23,3.24,3.21,3.27,6.67,6.0,0.0,0.0,-10000.0,0.0,180.0,,0.0,228.0
2025-11-08T03:17:30.861155,21.725,20.16,591.72,20.55,3.23,3.23,3.23,3.26,6.67,6.0,0.0,0.0,-10000.0,0.0,180.0,,0.0,94.0
2025-11-08T03:17:31.207240,22.071,20.14,571.46,20.38,3.23,3.23,3.23,3.26,6.67,6.0,0.0,0.0,-10000.0,0.0,180.0,,0.0,94.0
2025-11-08T03:17:31.550696,22.414,20.14,571.46,20.38,3.23,3.24,3.23,3.26,6.67,6.0,0.0,0.0,-10000.0,0.0,180.0,,0.0,139.0
2025-11-08T03:17:31.892109,22.756,20.14,571.46,20.34,3.24,3.23,3.21,3.27,6.67,6.0,0.0,0.0,-10000.0,0.0,180.0,,0.0,139.0
2025-11-08T03:17:32.215822,23.079,20.12,508.41,20.29,3.23,3.23,3.23,3.26,6.67,6.0,0.0,0.0,-10000.0,0.0,180.0,,0.0,139.0
2025-11-08T03:17:32.499663,23.363,20.14,571.46,20.4,3.24,3.23,3.22,3.27,6.67,6.0,0.0,0.0,-10000.0,0.0,180.0,,0.0,272.0
2025-11-08T03:17:32.772421,23.636,20.14,577.97,20.34,3.24,3.22,3.23,3.26,6.67,6.0,0.0,0.0,-10000.0,0.0,180.0,,0.0,272.0
2025-11-08T03:17:33.045097,23.908,20.12,571.46,20.31,3.24,3.23,3.23,3.26,6.67,6.0,0.0,0.0,-10000.0,0.0,180.0,,0.0,272.0
2025-11-08T03:17:33.317723,24.181,20.14,583.56,20.36,3.23,3.24,3.23,3.27,6.67,6.0,0.0,0.0,-10000.0,0.0,180.0,,0.0,272.0
2025-11-08T03:17:33.587125,24.451,20.14,508.41,20.34,3.23,3.23,3.23,3.25,6.67,6.0,0.0,0.0,-10000.0,0.0,180.0,,0.0,272.0
2025-11-08T03:17:33.861687,24.725,20.1,571.46,20.36,3.23,3.24,3.23,3.27,6.67,6.0,0.0,0.0,-10000.0,0.0,180.0,,0.0,272.0
2025-11-08T03:17:34.140009,25.003,20.14,571.46,20.34,3.25,3.22,3.23,3.23,6.67,6.0,0.0,0.0,-10000.0,0.0,180.0,,0.0,272.0
2025-11-08T03:17:34.425429,25.289,20.14,565.38,20.38,3.23,3.23,3.23,3.27,6.67,6.0,0.0,0.0,-10000.0,0.0,180.0,,1.0,143.0
2025-11-08T03:17:34.712447,25.576,20.14,575.21,20.36,3.23,3.23,3.23,3.21,6.67,6.0,0.0,0.0,-10000.0,0.0,180.0,,1.0,156.0
2025-11-08T03:17:35.001115,25.865,20.12,508.41,20.34,3.24,3.24,3.22,3.27,6.67,6.0,0.0,0.0,-10000.0,0.0,180.0,,1.0,154.0
2025-11-08T03:17:35.287318,26.151,20.12,565.38,20.1,3.23,3.24,3.23,3.26,6.67,6.0,0.0,0.0,-10000.0,0.0,180.0,,0.0,129.0
2025-11-08T03:17:35.568411,26.432,20.14,565.38,20.31,3.24,3.23,3.23,3.26,6.67,6.0,0.0,0.0,-10000.0,0.0,180.0,,0.0,94.0
2025-11-08T03:17:35.850454,26.714,20.12,508.41,20.34,3.24,3.23,3.23,3.26,6.67,6.0,0.0,0.0,-10000.0,0.0,180.0,,0.0,94.0
2025-11-08T03:17:36.135147,26.999,20.16,565.38,20.31,3.24,3.23,3.23,3.25,6.67,6.0,0.0,0.0,-10000.0,0.0,180.0,,0.0,319.0
2025-11-08T03:17:36.426816,27.290,20.12,565.38,20.31,3.23,3.23,3.23,3.27,6.67,6.0,0.0,0.0,-10000.0,0.0,180.0,,0.0,272.0
2025-11-08T03:17:36.708423,27.572,20.12,565.38,20.31,3.23,3.22,3.23,3.26,6.67,6.0,0.0,0.0,-10000.0,0.0,180.0,,0.0,272.0
2025-11-08T03:17:37.002501,27.866,20.19,577.97,20.31,3.23,3.24,3.23,3.26,6.67,6.0,0.0,0.0,-10000.0,0.0,180.0,,0.0,181.0
2025-11-08T03:17:37.285346,28.149,20.14,508.41,20.34,3.23,3.23,3.23,3.26,6.67,6.0,0.0,0.0,-10000.0,0.0,180.0,,0.0,181.0
2025-11-08T03:17:37.561976,28.425,20.12,571.46,20.36,3.23,3.23,3.23,3.27,6.67,6.0,0.0,0.0,-10000.0,0.0,180.0,,0.0,319.0
2025-11-08T03:17:37.844453,28.708,20.14,571.46,20.31,3.25,3.22,3.23,3.26,6.67,6.0,0.0,0.0,-10000.0,0.0,180.0,,0.0,181.0
2025-11-08T03:17:38.128272,28.992,20.14,565.38,20.36,3.24,3.23,3.22,3.27,6.67,6.0,0.0,0.0,-10000.0,0.0,180.0,,0.0,181.0
2025-11-08T03:17:38.415549,29.279,20.12,571.46,20.36,3.24,3.23,3.22,3.28,6.67,6.0,0.0,0.0,-10000.0,0.0,180.0,,0.0,181.0
2025-11-08T03:17:38.704759,29.568,20.19,575.21,20.38,3.22,3.26,3.22,3.26,6.67,6.0,0.0,0.0,-10000.0,0.0,180.0,,0.0,272.0
2025-11-08T03:17:38.979957,29.843,20.49,508.41,20.38,3.24,3.23,3.23,3.26,6.67,6.0,0.0,0.0,-10000.0,0.0,180.0,,0.0,272.0
2025-11-08T03:17:39.267747,30.131,20.12,565.38,20.31,3.24,3.27,3.18,3.27,6.67,6.0,0.0,0.0,-10000.0,0.0,180.0,,0.0,272.0
2025-11-08T03:17:39.554864,30.418,20.12,571.46,20.31,3.23,3.23,3.23,3.26,6.67,-3.0,0.0,0.0,-10000.0,0.0,180.0,,0.0,319.0
2025-11-08T03:17:39.870383,30.734,20.12,508.41,20.34,3.24,3.22,3.21,3.25,4.57,-3.0,0.0,0.0,-10000.0,0.0,180.0,,0.0,338.0
2025-11-08T03:17:40.159654,31.023,20.14,565.38,20.36,3.22,3.24,3.22,3.25,2.1,-3.0,0.0,0.0,-10000.0,0.0,180.0,,0.0,2.0
2025-11-08T03:17:40.446889,31.310,20.16,571.46,20.34,3.23,3.23,3.22,3.25,0.35,-3.0,0.0,0.0,-10000.0,0.0,180.0,,0.0,2.0
2025-11-08T03:17:40.738875,31.602,20.14,565.38,20.36,3.25,3.21,3.22,3.25,-0.71,-3.0,0.0,0.0,-10000.0,0.0,180.0,,0.0,2.0
2025-11-08T03:17:41.025391,31.889,20.12,575.21,20.31,3.23,3.24,3.21,3.27,-1.41,-3.0,0.0,0.0,-10000.0,0.0,180.0,,0.0,122.0
2025-11-08T03:17:41.312598,32.176,20.12,508.41,20.34,3.24,3.23,3.23,3.26,-2.11,-6.0,0.0,0.0,-10000.0,0.0,180.0,,0.0,272.0
2025-11-08T03:17:41.601715,32.465,20.16,571.46,20.36,3.23,3.22,3.23,3.26,-2.82,-6.0,0.0,0.0,-10000.0,0.0,180.0,,0.0,272.0
2025-11-08T03:17:41.886089,32.749,20.16,565.38,20.38,3.23,3.24,3.21,3.29,-3.87,-6.0,0.0,0.0,-10000.0,0.0,180.0,,0.0,181.0
2025-11-08T03:17:42.181818,33.045,20.14,571.46,20.34,3.24,3.23,3.21,3.26,-4.58,-6.0,0.0,0.0,-10000.0,0.0,180.0,,0.0,228.0
2025-11-08T03:17:42.467759,33.331,20.06,565.38,20.31,3.22,3.24,3.23,3.27,-5.28,-6.0,0.0,0.0,-10000.0,0.0,180.0,,0.0,228.0
2025-11-08T03:17:42.756058,33.619,20.12,565.38,20.38,3.22,3.25,3.23,3.26,-5.28,-6.0,0.0,0.0,-10000.0,0.0,180.0,,0.0,272.0
2025-11-08T03:17:43.041824,33.905,20.14,565.38,20.34,3.24,3.23,3.23,3.26,-5.28,-3.0,0.0,0.0,-10000.0,0.0,180.0,,0.0,272.0
2025-11-08T03:17:43.333127,34.197,20.14,565.38,20.31,3.24,3.23,3.22,3.26,-5.28,-3.0,0.0,0.0,-10000.0,0.0,180.0,,0.0,272.0
2025-11-08T03:17:43.627466,34.491,20.16,565.38,20.38,3.23,3.23,3.23,3.32,-5.28,-3.0,0.0,0.0,-10000.0,0.0,180.0,,0.0,181.0
2025-11-08T03:17:43.928606,34.792,20.12,508.41,20.31,3.23,3.24,3.22,3.26,-5.28,-3.0,0.0,0.0,-10000.0,0.0,180.0,,1.0,181.0
2025-11-08T03:17:44.225662,35.089,20.14,581.99,20.42,3.23,3.23,3.22,3.26,-5.28,-3.0,0.0,0.0,-10000.0,0.0,180.0,,1.0,190.0
2025-11-08T03:17:44.533318,35.397,20.16,508.41,20.34,3.24,3.23,3.22,3.25,-4.93,-3.0,0.0,0.0,-10000.0,0.0,180.0,,0.0,209.0
2025-11-08T03:17:44.836962,35.700,20.12,565.38,20.38,3.23,3.23,3.22,3.26,-4.58,0.0,0.0,0.0,-10000.0,0.0,180.0,,0.0,272.0
2025-11-08T03:17:45.141217,36.005,20.16,565.38,20.34,3.2,3.25,3.23,3.26,-3.17,0.0,0.0,0.0,-10000.0,0.0,180.0,,0.0,272.0
2025-11-08T03:17:45.448759,36.312,20.12,575.21,20.36,3.24,3.22,3.22,3.25,-2.11,0.0,0.0,0.0,-10000.0,0.0,180.0,,0.0,272.0
2025-11-08T03:17:45.754837,36.618,20.14,571.46,20.36,3.23,3.23,3.22,3.26,-1.41,3.0,0.0,0.0,-10000.0,0.0,180.0,,0.0,319.0
2025-11-08T03:17:46.059183,36.923,20.14,508.41,20.27,3.23,3.23,3.21,3.25,0.7,6.0,0.0,0.0,-10000.0,0.0,180.0,,0.0,272.0
2025-11-08T03:17:46.363489,37.227,20.12,508.41,20.34,3.23,3.23,3.21,3.26,2.46,6.0,0.0,0.0,-10000.0,0.0,180.0,,0.0,272.0
2025-11-08T03:17:46.656364,37.520,20.21,565.38,20.38,3.24,3.22,3.21,3.26,3.86,6.0,0.0,0.0,-10000.0,0.0,180.0,,0.0,319.0
2025-11-08T03:17:46.949527,37.813,20.14,565.38,20.36,3.22,3.24,3.23,3.26,4.57,6.0,0.0,0.0,-10000.0,0.0,180.0,,0.0,139.0
2025-11-08T03:17:47.244814,38.108,20.12,565.38,20.36,3.23,3.23,3.22,3.26,5.27,6.0,0.0,0.0,-10000.0,0.0,180.0,,0.0,319.0
2025-11-08T03:17:47.544505,38.408,20.14,565.38,20.31,3.23,3.24,3.23,3.25,5.27,6.0,0.0,0.0,-10000.0,0.0,180.0,,0.0,272.0
2025-11-08T03:17:47.849292,38.713,20.1,575.21,20.31,3.23,3.24,3.23,3.25,5.27,6.0,0.0,0.0,-10000.0,0.0,180.0,,0.0,228.0
2025-11-08T03:17:48.156254,39.020,20.14,577.97,20.34,3.23,3.23,3.24,3.26,5.27,6.0,0.0,0.0,-10000.0,0.0,180.0,,0.0,139.0
2025-11-08T03:17:48.459474,39.323,20.14,571.46,20.38,3.23,3.24,3.24,3.26,5.27,6.0,0.0,0.0,-10000.0,0.0,180.0,,0.0,94.0
2025-11-08T03:17:48.765054,39.628,20.12,571.46,20.34,3.23,3.23,3.23,3.27,5.27,6.0,0.0,0.0,-10000.0,0.0,180.0,,0.0,94.0
2025-11-08T03:17:49.069751,39.933,20.1,565.38,20.34,3.24,3.25,3.18,3.27,5.27,6.0,0.0,0.0,-10000.0,0.0,180.0,,0.0,94.0
2025-11-08T03:17:49.374907,40.238,20.21,565.38,20.36,3.24,3.19,3.27,3.27,5.27,6.0,0.0,0.0,-10000.0,0.0,180.0,,0.0,94.0
2025-11-08T03:17:49.689042,40.552,20.12,565.38,20.34,3.23,3.23,3.23,3.26,5.27,6.0,0.0,0.0,-10000.0,0.0,180.0,,0.0,93.0
2025-11-08T03:17:50.002912,40.866,20.08,575.21,20.38,3.24,3.23,3.23,3.26,5.27,6.0,0.0,0.0,-10000.0,0.0,180.0,,0.0,47.0
2025-11-08T03:17:50.316917,41.180,20.14,565.38,20.31,3.23,3.23,3.23,3.26,5.27,6.0,0.0,0.0,-10000.0,0.0,180.0,,0.0,47.0
2025-11-08T03:17:50.633197,41.497,20.16,508.41,20.38,3.24,3.22,3.23,3.26,5.27,6.0,0.0,0.0,-10000.0,0.0,180.0,,0.0,319.0
2025-11-08T03:17:50.946984,41.810,20.21,575.21,20.38,3.23,3.23,3.23,3.26,5.27,6.0,0.0,0.0,-10000.0,0.0,180.0,,0.0,319.0
2025-11-08T03:17:51.260845,42.124,20.14,565.38,20.36,3.24,3.23,3.23,3.27,5.27,6.0,0.0,0.0,-10000.0,0.0,180.0,,0.0,319.0
2025-11-08T03:17:51.575696,42.439,20.14,565.38,20.31,3.25,3.22,3.23,3.27,5.27,6.0,0.0,0.0,-10000.0,0.0,180.0,,0.0,228.0
2025-11-08T03:17:51.891581,42.755,20.14,581.99,20.34,3.24,3.23,3.23,3.26,5.27,6.0,0.0,0.0,-10000.0,0.0,180.0,,0.0,47.0
2025-11-08T03:17:52.207876,43.071,20.14,508.41,20.34,3.24,3.23,3.24,3.25,5.27,6.0,0.0,0.0,-10000.0,0.0,180.0,,0.0,2.0
2025-11-08T03:17:52.522421,43.386,20.12,583.56,20.31,3.23,3.23,3.23,3.26,5.27,6.0,0.0,0.0,-10000.0,0.0,180.0,,0.0,319.0
2025-11-08T03:17:52.824768,43.688,20.14,508.41,20.34,3.23,3.23,3.23,3.27,5.27,6.0,0.0,0.0,-10000.0,0.0,180.0,,0.0,319.0
2025-11-08T03:17:53.126297,43.990,20.1,571.46,20.31,3.24,3.22,3.23,3.27,5.27,6.0,0.0,0.0,-10000.0,0.0,180.0,,0.0,319.0
2025-11-08T03:17:53.430370,44.294,20.16,575.21,20.36,3.23,3.24,3.23,3.27,5.27,6.0,0.0,0.0,-10000.0,0.0,180.0,,0.0,338.0
2025-11-08T03:17:53.736795,44.600,20.14,508.41,20.34,3.23,3.24,3.23,3.26,5.27,6.0,0.0,0.0,-10000.0,0.0,180.0,,0.0,346.0
2025-11-08T03:17:54.051590,44.915,20.12,508.41,20.34,3.23,3.23,3.23,3.26,5.27,6.0,0.0,0.0,-10000.0,0.0,180.0,,0.0,2.0
2025-11-08T03:17:54.357641,45.221,20.16,571.46,20.36,3.24,3.23,3.23,3.27,5.27,6.0,0.0,0.0,-10000.0,0.0,180.0,,0.0,319.0
2025-11-08T03:17:54.649163,45.513,20.14,508.41,20.4,3.24,3.23,3.23,3.27,5.27,6.0,0.0,0.0,-10000.0,0.0,180.0,,0.0,272.0
2025-11-08T03:17:54.935142,45.799,20.16,565.38,20.31,3.22,3.25,3.23,3.26,5.27,6.0,0.0,0.0,-10000.0,0.0,180.0,,0.0,181.0
2025-11-08T03:17:55.227468,46.091,20.14,508.41,20.38,3.24,3.23,3.23,3.27,5.27,6.0,0.0,0.0,-10000.0,0.0,180.0,,0.0,139.0
2025-11-08T03:17:55.500321,46.364,20.12,565.38,20.38,3.24,3.23,3.23,3.26,5.27,6.0,0.0,0.0,-10000.0,0.0,180.0,,0.0,139.0
2025-11-08T03:17:55.776591,46.640,20.12,508.41,20.31,3.24,3.23,3.23,3.27,5.27,6.0,0.0,0.0,-10000.0,0.0,180.0,,0.0,272.0
2025-11-08T03:17:56.053171,46.917,20.27,508.41,20.34,3.23,3.24,3.22,3.27,5.27,6.0,0.0,0.0,-10000.0,0.0,180.0,,0.0,2.0
2025-11-08T03:17:56.336023,47.199,20.14,575.21,20.38,3.23,3.23,3.23,3.27,5.27,6.0,0.0,0.0,-10000.0,0.0,180.0,,0.0,272.0
2025-11-08T03:17:56.613573,47.477,20.14,565.38,20.29,3.24,3.22,3.23,3.26,5.27,6.0,0.0,0.0,-10000.0,0.0,180.0,,0.0,272.0
2025-11-08T03:17:56.886000,47.749,20.14,565.38,20.31,3.23,3.23,3.23,3.27,5.27,6.0,0.0,0.0,-10000.0,0.0,180.0,,0.0,272.0
2025-11-08T03:17:57.177835,48.041,20.1,565.38,20.31,3.24,3.23,3.23,3.25,5.27,6.0,0.0,0.0,-10000.0,0.0,180.0,,0.0,272.0
2025-11-08T03:17:57.465889,48.329,20.16,508.41,20.31,3.23,3.23,3.23,3.27,5.27,6.0,0.0,0.0,-10000.0,0.0,180.0,,0.0,319.0
2025-11-08T03:17:57.750359,48.614,20.12,565.38,20.31,3.23,3.28,3.17,3.28,5.27,6.0,0.0,0.0,-10000.0,0.0,180.0,,0.0,319.0
2025-11-08T03:17:58.037521,48.901,20.16,575.21,20.36,3.23,3.23,3.23,3.26,5.27,6.0,0.0,0.0,-10000.0,0.0,180.0,,0.0,2.0
2025-11-08T03:17:58.323631,49.187,20.12,571.46,20.34,3.23,3.23,3.23,3.27,5.27,6.0,0.0,0.0,-10000.0,0.0,180.0,,0.0,319.0
2025-11-08T03:17:58.615730,49.479,20.14,575.21,20.34,3.24,3.23,3.23,3.27,5.27,6.0,0.0,0.0,-10000.0,0.0,180.0,,0.0,272.0
2025-11-08T03:17:58.909851,49.773,20.14,508.41,20.36,3.23,3.24,3.23,3.26,5.27,6.0,0.0,0.0,-10000.0,0.0,180.0,,0.0,272.0
2025-11-08T03:17:59.188812,50.052,20.14,565.38,20.4,3.23,3.25,3.22,3.27,5.27,6.0,0.0,0.0,-10000.0,0.0,180.0,,0.0,272.0
2025-11-08T03:17:59.479028,50.342,20.14,508.41,20.34,3.25,3.22,3.23,3.24,5.27,6.0,0.0,0.0,-10000.0,0.0,180.0,,0.0,47.0
2025-11-08T03:17:59.771605,50.635,20.12,508.41,20.36,3.24,3.23,3.22,3.26,5.27,6.0,0.0,0.0,-10000.0,0.0,180.0,,0.0,47.0
2025-11-08T03:18:00.069952,50.933,20.12,565.38,20.36,3.23,3.23,3.23,3.27,5.27,6.0,0.0,0.0,-10000.0,0.0,180.0,,0.0,94.0
2025-11-08T03:18:00.373711,51.237,20.14,575.21,20.38,3.23,3.23,3.23,3.27,5.27,6.0,0.0,0.0,-10000.0,0.0,180.0,,0.0,228.0
2025-11-08T03:18:00.671334,51.535,20.12,575.21,20.25,3.24,3.21,3.24,3.26,5.27,6.0,0.0,0.0,-10000.0,0.0,180.0,,0.0,94.0
2025-11-08T03:18:00.969719,51.833,20.16,565.38,20.36,3.23,3.23,3.23,3.26,5.27,6.0,0.0,0.0,-10000.0,0.0,180.0,,0.0,181.0
2025-11-08T03:18:01.265953,52.129,20.14,577.97,20.34,3.23,3.23,3.23,3.32,5.27,6.0,0.0,0.0,-10000.0,0.0,180.0,,0.0,94.0
2025-11-08T03:18:01.566174,52.430,20.16,598.49,20.34,3.23,3.24,3.23,3.27,5.27,6.0,0.0,0.0,-10000.0,0.0,180.0,,0.0,94.0
2025-11-08T03:18:01.863828,52.727,20.08,565.38,20.38,3.23,3.24,3.23,3.27,5.27,6.0,0.0,0.0,-10000.0,0.0,180.0,,0.0,47.0
2025-11-08T03:18:02.162165,53.026,20.14,508.41,20.31,3.25,3.22,3.23,3.27,5.27,6.0,0.0,0.0,-10000.0,0.0,180.0,,0.0,2.0
2025-11-08T03:18:02.462060,53.325,20.12,508.41,20.27,3.24,3.23,3.23,3.27,5.27,6.0,0.0,0.0,-10000.0,0.0,180.0,,0.0,319.0
2025-11-08T03:18:02.760945,53.624,20.12,575.21,20.34,3.24,3.23,3.22,3.27,5.27,6.0,0.0,0.0,-10000.0,0.0,180.0,,0.0,319.0
2025-11-08T03:18:03.056316,53.920,20.12,583.56,20.31,3.23,3.24,3.22,3.27,5.27,6.0,0.0,0.0,-10000.0,0.0,180.0,,0.0,2.0
2025-11-08T03:18:03.340529,54.204,20.14,575.21,20.31,3.25,3.22,3.22,3.27,5.27,6.0,0.0,0.0,-10000.0,0.0,180.0,,0.0,228.0
2025-11-08T03:18:03.634287,54.498,20.14,508.41,20.34,3.23,3.24,3.22,3.28,5.27,6.0,0.0,0.0,-10000.0,0.0,180.0,,0.0,139.0
2025-11-08T03:18:03.933550,54.797,20.14,508.41,20.75,3.24,3.24,3.21,3.26,5.27,6.0,0.0,0.0,-10000.0,0.0,180.0,,0.0,93.0
2025-11-08T03:18:04.228787,55.092,20.14,565.38,20.36,3.23,3.23,3.23,3.26,5.27,6.0,0.0,0.0,-10000.0,0.0,180.0,,0.0,47.0
2025-11-08T03:18:04.526827,55.390,20.14,508.41,20.36,3.24,3.23,3.23,3.27,5.27,6.0,0.0,0.0,-10000.0,0.0,180.0,,0.0,47.0
2025-11-08T03:18:04.823270,55.687,20.12,565.38,20.34,3.23,3.24,3.23,3.26,5.27,6.0,0.0,0.0,-10000.0,0.0,180.0,,0.0,2.0
2025-11-08T03:18:05.120584,55.984,20.25,571.46,20.31,3.23,3.24,3.23,3.26,5.27,6.0,0.0,0.0,-10000.0,0.0,180.0,,0.0,47.0
2025-11-08T03:18:05.416639,56.280,20.12,565.38,20.34,3.23,3.23,3.23,3.26,5.27,6.0,0.0,0.0,-10000.0,0.0,180.0,,0.0,93.0
2025-11-08T03:18:05.712495,56.576,19.95,565.38,20.29,3.26,3.21,3.24,3.26,5.27,6.0,0.0,0.0,-10000.0,0.0,180.0,,0.0,93.0
2025-11-08T03:18:06.010598,56.874,20.08,565.38,20.31,3.24,3.23,3.22,3.27,5.27,6.0,0.0,0.0,-10000.0,0.0,180.0,,0.0,319.0
2025-11-08T03:18:06.308661,57.172,20.16,508.41,20.34,3.23,3.23,3.23,3.27,5.27,6.0,0.0,0.0,-10000.0,0.0,180.0,,0.0,228.0
2025-11-08T03:18:06.590253,57.454,20.08,565.38,20.34,3.24,3.22,3.23,3.26,5.27,6.0,0.0,0.0,-10000.0,0.0,180.0,,0.0,319.0
2025-11-08T03:18:06.871023,57.734,20.14,565.38,20.36,3.23,3.24,3.21,3.28,5.27,6.0,0.0,0.0,-10000.0,0.0,180.0,,0.0,139.0
2025-11-08T03:18:07.151804,58.015,20.14,565.38,20.34,3.23,3.23,3.23,3.26,5.27,6.0,0.0,0.0,-10000.0,0.0,180.0,,0.0,139.0
2025-11-08T03:18:07.436479,58.300,20.14,565.38,20.38,3.23,3.23,3.24,3.26,5.27,6.0,0.0,0.0,-10000.0,0.0,180.0,,0.0,139.0
2025-11-08T03:18:07.730654,58.594,20.12,565.38,20.34,3.23,3.23,3.23,3.26,5.27,6.0,0.0,0.0,-10000.0,0.0,180.0,,0.0,2.0
2025-11-08T03:18:08.064264,58.928,20.12,571.46,20.31,3.24,3.22,3.24,3.27,5.27,6.0,0.0,0.0,-10000.0,0.0,180.0,,0.0,319.0
2025-11-08T03:18:08.361167,59.225,20.14,508.41,20.34,3.24,3.22,3.23,3.25,5.27,6.0,0.0,0.0,-10000.0,0.0,180.0,,0.0,299.0
2025-11-08T03:18:08.658731,59.522,20.16,565.38,20.31,3.24,3.23,3.24,3.27,5.27,6.0,0.0,0.0,-10000.0,0.0,180.0,,0.0,272.0
2025-11-08T03:18:08.973466,59.837,20.14,571.46,20.36,3.23,3.23,3.23,3.25,5.27,6.0,0.0,0.0,-10000.0,0.0,180.0,,0.0,2.0
2025-11-08T03:18:09.255711,60.119,20.12,508.41,20.36,3.24,3.23,3.22,3.26,5.27,6.0,0.0,0.0,-10000.0,0.0,180.0,,0.0,47.0
2025-11-08T03:18:09.545054,60.408,20.14,508.41,20.31,3.23,3.25,3.22,3.27,5.27,6.0,0.0,0.0,-10000.0,0.0,180.0,,0.0,139.0
2025-11-08T03:18:09.831195,60.695,20.16,571.46,20.36,3.24,3.23,3.23,3.26,5.27,6.0,0.0,0.0,-10000.0,0.0,180.0,,0.0,139.0
2025-11-08T03:18:10.125181,60.989,20.14,565.38,20.49,3.24,3.23,3.21,3.27,5.27,6.0,0.0,0.0,-10000.0,0.0,180.0,,0.0,47.0
2025-11-08T03:18:10.413607,61.277,20.12,508.41,20.34,3.23,3.24,3.23,3.26,5.27,6.0,0.0,0.0,-10000.0,0.0,180.0,,0.0,139.0
2025-11-08T03:18:10.700614,61.564,20.12,575.21,20.31,3.21,3.28,3.2,3.26,5.27,6.0,0.0,0.0,-10000.0,0.0,180.0,,0.0,47.0
2025-11-08T03:18:10.989125,61.853,20.14,508.41,20.34,3.24,3.23,3.23,3.27,5.27,6.0,0.0,0.0,-10000.0,0.0,180.0,,0.0,319.0
2025-11-08T03:18:11.277098,62.140,20.14,575.21,20.36,3.23,3.23,3.23,3.26,5.27,6.0,0.0,0.0,-10000.0,0.0,180.0,,0.0,228.0
2025-11-08T03:18:11.564327,62.428,20.12,508.41,20.34,3.24,3.23,3.23,3.26,5.27,6.0,0.0,0.0,-10000.0,0.0,180.0,,0.0,228.0
2025-11-08T03:18:11.848971,62.712,20.03,508.41,20.38,3.23,3.24,3.23,3.26,5.27,6.0,0.0,0.0,-10000.0,0.0,180.0,,0.0,272.0
2025-11-08T03:18:12.134680,62.998,20.14,565.38,20.36,3.23,3.23,3.23,3.27,5.27,6.0,0.0,0.0,-10000.0,0.0,180.0,,0.0,272.0
2025-11-08T03:18:12.420711,63.284,20.12,577.97,20.34,3.23,3.23,3.23,3.25,5.27,6.0,0.0,0.0,-10000.0,0.0,180.0,,0.0,319.0
2025-11-08T03:18:12.705494,63.569,20.16,565.38,20.34,3.23,3.23,3.22,3.25,5.27,6.0,0.0,0.0,-10000.0,0.0,180.0,,0.0,139.0
2025-11-08T03:18:12.990964,63.854,20.16,565.38,20.36,3.24,3.23,3.23,3.26,5.27,6.0,0.0,0.0,-10000.0,0.0,180.0,,0.0,228.0
2025-11-08T03:18:13.276385,64.140,20.12,565.38,20.34,3.2,3.27,3.23,3.27,5.27,6.0,0.0,0.0,-10000.0,0.0,180.0,,0.0,139.0
2025-11-08T03:18:13.562956,64.426,20.16,508.41,20.38,3.24,3.23,3.23,3.25,5.27,6.0,0.0,0.0,-10000.0,0.0,180.0,,0.0,228.0
2025-11-08T03:18:13.850078,64.713,20.12,508.41,20.31,3.22,3.25,3.23,3.26,5.27,6.0,0.0,0.0,-10000.0,0.0,180.0,,0.0,228.0
2025-11-08T03:18:14.136692,65.000,20.12,508.41,20.34,3.25,3.23,3.22,3.26,5.27,6.0,0.0,0.0,-10000.0,0.0,180.0,,0.0,272.0
2025-11-08T03:18:14.425123,65.289,20.14,565.38,20.34,3.24,3.23,3.22,3.26,5.27,6.0,0.0,0.0,-10000.0,0.0,180.0,,0.0,272.0
2025-11-08T03:18:14.708510,65.572,20.12,508.41,20.36,3.24,3.23,3.22,3.27,5.27,6.0,0.0,0.0,-10000.0,0.0,180.0,,0.0,319.0
2025-11-08T03:18:15,65.863,20.12,571.46,20.19,3.23,3.23,3.23,3.27,5.27,6.0,0.0,0.0,-10000.0,0.0,180.0,,0.0,319.0
2025-11-08T03:18:15.285001,66.148,20.14,508.41,20.23,3.23,3.23,3.24,3.25,5.27,6.0,0.0,0.0,-10000.0,0.0,180.0,,0.0,319.0
2025-11-08T03:18:15.572203,66.436,20.14,565.38,20.38,3.24,3.23,3.23,3.25,5.27,6.0,0.0,0.0,-10000.0,0.0,180.0,,0.0,299.0
2025-11-08T03:18:15.857022,66.720,20.14,565.38,20.31,3.24,3.23,3.23,3.26,5.27,6.0,0.0,0.0,-10000.0,0.0,180.0,,0.0,299.0
2025-11-08T03:18:16.143428,67.007,20.14,508.41,20.36,3.24,3.23,3.23,3.26,5.27,6.0,0.0,0.0,-10000.0,0.0,180.0,,0.0,272.0
2025-11-08T03:18:16.431405,67.295,20.16,575.21,20.36,3.23,3.23,3.23,3.27,5.27,6.0,0.0,0.0,-10000.0,0.0,180.0,,0.0,272.0
2025-11-08T03:18:16.716478,67.580,20.1,508.41,20.31,3.24,3.23,3.23,3.26,5.27,6.0,0.0,0.0,-10000.0,0.0,180.0,,0.0,299.0
2025-11-08T03:18:17.004958,67.868,20.14,508.41,20.38,3.3,3.17,3.23,3.26,5.27,6.0,0.0,0.0,-10000.0,0.0,180.0,,0.0,319.0
2025-11-08T03:18:17.289445,68.153,20.14,571.46,20.25,3.23,3.24,3.25,3.24,5.27,6.0,0.0,0.0,-10000.0,0.0,180.0,,0.0,319.0
2025-11-08T03:18:17.576520,68.440,20.14,565.38,20.31,3.25,3.22,3.22,3.26,5.27,6.0,0.0,0.0,-10000.0,0.0,180.0,,0.0,272.0
2025-11-08T03:18:17.862003,68.725,20.14,571.46,20.34,3.24,3.23,3.21,3.29,5.27,6.0,0.0,0.0,-10000.0,0.0,180.0,,0.0,272.0
2025-11-08T03:18:18.147883,69.011,20.12,508.41,20.34,3.24,3.23,3.23,3.26,5.27,6.0,0.0,0.0,-10000.0,0.0,180.0,,0.0,272.0
2025-11-08T03:18:18.435602,69.299,20.08,565.38,20.34,3.24,3.23,3.23,3.26,5.27,6.0,0.0,0.0,-10000.0,0.0,180.0,,0.0,139.0
2025-11-08T03:18:18.720259,69.584,20.14,575.21,20.34,3.24,3.23,3.22,3.27,5.27,6.0,0.0,0.0,-10000.0,0.0,180.0,,0.0,47.0
2025-11-08T03:18:19.005066,69.868,20.16,571.46,20.36,3.24,3.23,3.23,3.26,5.27,6.0,0.0,0.0,-10000.0,0.0,180.0,,0.0,2.0
2025-11-08T03:18:19.290924,70.154,20.12,565.38,20.34,3.23,3.23,3.22,3.27,5.27,6.0,0.0,0.0,-10000.0,0.0,180.0,,0.0,319.0
2025-11-08T03:18:19.581188,70.445,20.16,571.46,20.34,3.24,3.23,3.26,3.23,5.27,6.0,0.0,0.0,-10000.0,0.0,180.0,,0.0,228.0
2025-11-08T03:18:19.867958,70.731,20.14,508.41,20.36,3.23,3.23,3.22,3.27,5.27,6.0,0.0,0.0,-10000.0,0.0,180.0,,0.0,181.0
2025-11-08T03:18:20.160429,71.024,20.14,508.41,20.34,3.24,3.23,3.23,3.26,5.27,6.0,0.0,0.0,-10000.0,0.0,180.0,,0.0,228.0
2025-11-08T03:18:20.450925,71.314,20.14,571.46,20.31,3.24,3.23,3.25,3.24,5.27,6.0,0.0,0.0,-10000.0,0.0,180.0,,0.0,319.0
2025-11-08T03:18:20.735854,71.599,20.14,565.38,20.34,3.23,3.24,3.23,3.26,5.27,6.0,0.0,0.0,-10000.0,0.0,180.0,,0.0,139.0
2025-11-08T03:18:21.021645,71.885,20.19,565.38,20.31,3.23,3.23,3.23,3.26,5.27,6.0,0.0,0.0,-10000.0,0.0,180.0,,0.0,228.0
2025-11-08T03:18:21.306042,72.169,20.14,565.38,20.34,3.23,3.24,3.23,3.26,5.27,6.0,0.0,0.0,-10000.0,0.0,180.0,,0.0,181.0
2025-11-08T03:18:21.592891,72.456,20.12,571.46,20.31,3.23,3.23,3.23,3.26,5.27,6.0,0.0,0.0,-10000.0,0.0,180.0,,0.0,181.0
2025-11-08T03:18:21.877608,72.741,20.14,571.46,20.38,3.23,3.24,3.21,3.29,5.27,6.0,0.0,0.0,-10000.0,0.0,180.0,,0.0,181.0
2025-11-08T03:18:22.162967,73.026,20.12,508.41,20.38,3.27,3.2,3.23,3.26,5.27,6.0,0.0,0.0,-10000.0,0.0,180.0,,0.0,181.0
2025-11-08T03:18:22.450126,73.314,20.12,565.38,20.34,3.26,3.21,3.23,3.27,5.27,6.0,0.0,0.0,-10000.0,0.0,180.0,,0.0,181.0
2025-11-08T03:18:22.735089,73.598,20.12,565.38,20.36,3.28,3.19,3.23,3.26,5.27,6.0,0.0,0.0,-10000.0,0.0,180.0,,0.0,228.0
2025-11-08T03:18:23.019197,73.883,20.14,565.38,20.4,3.23,3.23,3.23,3.27,5.27,6.0,0.0,0.0,-10000.0,0.0,180.0,,0.0,228.0
2025-11-08T03:18:23.304400,74.168,20.12,575.21,20.34,3.23,3.23,3.23,3.26,5.27,6.0,0.0,0.0,-10000.0,0.0,180.0,,0.0,228.0
2025-11-08T03:18:23.592626,74.456,20.12,577.97,20.38,3.24,3.23,3.23,3.26,5.27,6.0,0.0,0.0,-10000.0,0.0,180.0,,0.0,319.0
2025-11-08T03:18:23.877977,74.741,20.08,508.41,20.34,3.23,3.24,3.23,3.26,5.27,6.0,0.0,0.0,-10000.0,0.0,180.0,,0.0,47.0
2025-11-08T03:18:24.164676,75.028,20.16,575.21,20.31,3.24,3.23,3.23,3.25,5.27,6.0,0.0,0.0,-10000.0,0.0,180.0,,0.0,272.0
2025-11-08T03:18:24.454446,75.318,20.12,571.46,20.36,3.23,3.24,3.22,3.26,5.27,6.0,0.0,0.0,-10000.0,0.0,180.0,,0.0,272.0
2025-11-08T03:18:24.739549,75.603,20.1,565.38,20.34,3.23,3.24,3.22,3.26,5.27,6.0,0.0,0.0,-10000.0,0.0,180.0,,0.0,272.0
2025-11-08T03:18:25.025597,75.889,20.19,565.38,20.31,3.24,3.22,3.23,3.27,5.27,6.0,0.0,0.0,-10000.0,0.0,180.0,,0.0,319.0
2025-11-08T03:18:25.309055,76.172,20.14,565.38,20.34,3.24,3.23,3.23,3.26,5.27,6.0,0.0,0.0,-10000.0,0.0,180.0,,0.0,319.0
2025-11-08T03:18:25.595520,76.459,20.16,565.38,20.36,3.23,3.23,3.23,3.27,5.27,6.0,0.0,0.0,-10000.0,0.0,180.0,,0.0,2.0
2025-11-08T03:18:25.881117,76.745,20.16,508.41,20.42,3.24,3.23,3.23,3.24,5.27,6.0,0.0,0.0,-10000.0,0.0,180.0,,0.0,2.0
2025-11-08T03:18:26.174943,77.038,20.21,508.41,20.36,3.24,3.23,3.23,3.25,5.27,6.0,0.0,0.0,-10000.0,0.0,180.0,,0.0,2.0
2025-11-08T03:18:26.471234,77.335,20.12,508.41,20.34,3.24,3.22,3.23,3.28,5.27,6.0,0.0,0.0,-10000.0,0.0,180.0,,0.0,2.0
2025-11-08T03:18:26.774132,77.638,20.14,575.21,20.36,3.23,3.23,3.23,3.27,5.27,6.0,0.0,0.0,-10000.0,0.0,180.0,,0.0,2.0
2025-11-08T03:18:27.087514,77.951,20.14,575.21,20.34,3.24,3.23,3.23,3.26,5.27,6.0,0.0,0.0,-10000.0,0.0,180.0,,0.0,2.0
2025-11-08T03:18:27.396175,78.260,20.47,565.38,20.38,3.23,3.24,3.23,3.27,5.27,6.0,0.0,0.0,-10000.0,0.0,180.0,,0.0,319.0
2025-11-08T03:18:27.681879,78.545,20.14,565.38,20.36,3.21,3.26,3.23,3.25,5.27,6.0,0.0,0.0,-10000.0,0.0,180.0,,0.0,228.0
2025-11-08T03:18:27.978186,78.842,20.16,571.46,20.36,3.24,3.23,3.23,3.26,5.27,6.0,0.0,0.0,-10000.0,0.0,180.0,,0.0,209.0
2025-11-08T03:18:28.268382,79.132,20.14,571.46,20.4,3.24,3.22,3.23,3.25,5.27,6.0,0.0,0.0,-10000.0,0.0,180.0,,0.0,209.0
2025-11-08T03:18:28.557446,79.421,20.14,577.97,20.31,3.23,3.24,3.22,3.28,5.27,6.0,0.0,0.0,-10000.0,0.0,180.0,,0.0,181.0
2025-11-08T03:18:28.844284,79.708,20.14,571.46,20.34,3.24,3.23,3.22,3.27,5.27,6.0,0.0,0.0,-10000.0,0.0,180.0,,0.0,181.0
2025-11-08T03:18:29.135935,79.999,20.12,565.38,20.34,3.24,3.25,3.21,3.27,5.27,6.0,0.0,0.0,-10000.0,0.0,180.0,,0.0,228.0
2025-11-08T03:18:29.426401,80.290,20.08,508.41,20.36,3.24,3.23,3.23,3.27,5.27,6.0,0.0,0.0,-10000.0,0.0,180.0,,0.0,272.0
2025-11-08T03:18:29.717062,80.580,20.14,565.38,20.36,3.23,3.22,3.24,3.27,5.27,6.0,0.0,0.0,-10000.0,0.0,180.0,,0.0,228.0
2025-11-08T03:18:30.009861,80.873,20.12,580.16,20.31,3.24,3.23,3.23,3.27,5.27,6.0,0.0,0.0,-10000.0,0.0,180.0,,0.0,319.0
2025-11-08T03:18:30.324140,81.188,20.16,575.21,20.4,3.23,3.24,3.23,3.26,5.27,6.0,0.0,0.0,-10000.0,0.0,180.0,,0.0,319.0
2025-11-08T03:18:30.647799,81.511,20.14,508.41,20.31,3.23,3.24,3.22,3.25,5.27,6.0,0.0,0.0,-10000.0,0.0,180.0,,0.0,319.0
2025-11-08T03:18:30.954929,81.818,20.12,565.38,20.36,3.23,3.23,3.23,3.26,5.27,6.0,0.0,0.0,-10000.0,0.0,180.0,,0.0,306.0
2025-11-08T03:18:31.270848,82.134,20.14,575.21,20.29,3.23,3.22,3.24,3.27,5.27,6.0,0.0,0.0,-10000.0,0.0,180.0,,0.0,292.0
2025-11-08T03:18:31.598217,82.462,20.1,508.41,20.29,3.23,3.23,3.23,3.27,5.27,6.0,0.0,0.0,-10000.0,0.0,180.0,,0.0,306.0
2025-11-08T03:18:31.925956,82.789,20.14,565.38,20.31,3.23,3.23,3.23,3.25,5.27,6.0,0.0,0.0,-10000.0,0.0,180.0,,0.0,299.0
2025-11-08T03:18:32.227765,83.091,20.1,565.38,20.34,3.24,3.23,3.23,3.27,5.27,6.0,0.0,0.0,-10000.0,0.0,180.0,,0.0,330.0
2025-11-08T03:18:32.534227,83.398,20.1,565.38,20.34,3.23,3.23,3.23,3.26,5.27,6.0,0.0,0.0,-10000.0,0.0,180.0,,0.0,292.0
2025-11-08T03:18:32.835254,83.699,20.12,508.41,20.34,3.26,3.21,3.23,3.25,5.27,6.0,0.0,0.0,-10000.0,0.0,180.0,,0.0,292.0
2025-11-08T03:18:33.138048,84.001,20.12,565.38,20.34,3.24,3.22,3.23,3.27,5.27,6.0,0.0,0.0,-10000.0,0.0,180.0,,0.0,299.0
2025-11-08T03:18:33.440877,84.304,20.1,508.41,20.36,3.24,3.23,3.23,3.27,5.27,6.0,0.0,0.0,-10000.0,0.0,180.0,,0.0,299.0
2025-11-08T03:18:33.747726,84.611,20.21,571.46,20.34,3.24,3.23,3.23,3.26,5.27,6.0,0.0,0.0,-10000.0,0.0,180.0,,0.0,299.0
